question_id,question_th,question_en,question_translation_time,evidence_th,evidence_en,evidence_translation_time,difficulty,generated_sql,gold_sql,generation_time_formatted,generation_time_seconds
0,อัตราฟรีที่มีสิทธิ์สูงสุดสำหรับนักเรียนระดับอนุบาลถึงมัธยมศึกษา (K-12) ในโรงเรียนใน Alameda County คือเท่าใด,What is the maximum eligible free rate for students in grades K-12 attending schools in Alameda County?,4.029972314834595,อัตราฟรีที่มีสิทธิ์สำหรับระดับอนุบาลถึงมัธยมศึกษา (K-12) = `จำนวนมื้ออาหารฟรี (K-12)` / `การลงทะเบียน (K-12)`,Eligibility rate for free meals for kindergarten to secondary education (K-12) = `Number of free meals (K-12)` / `Enrollment (K-12)`,6.724096059799194,simple,SELECT MAX(`Percent (%) Eligible Free (K-12)`) FROM frpm WHERE `County Name` = 'Alameda';,SELECT `Free Meal Count (K-12)` / `Enrollment (K-12)` FROM frpm WHERE `County Name` = 'Alameda' ORDER BY (CAST(`Free Meal Count (K-12)` AS REAL) / `Enrollment (K-12)`) DESC LIMIT 1,13.94 วินาที,13.94263219833374
1,โปรดระบุอัตราค่าเรียนฟรีที่มีสิทธิ์ต่ำสุดสามรายการสำหรับนักเรียนอายุ 5-17 ปีในโรงเรียนต่อเนื่อง,Please specify the three lowest-priced free tuition rates eligible for students aged 5-17 in continuous learning institutions.,5.1072998046875,ราคาฟรีที่มีสิทธิ์สำหรับนักเรียนอายุ 5-17 ปี = `นับมื้ออาหารฟรี (อายุ 5-17 ปี)` / `การลงทะเบียน (อายุ 5-17 ปี)`,Free price eligible for students aged 5-17 = `Number of free meals (ages 5-17)` / `Registrations (ages 5-17)`,6.514894723892212,moderate,SELECT FRPM_Count_Ages_5_17 FROM frpm WHERE District_Type = 'Continuous Learning' ORDER BY FRPM_Count_Ages_5_17 ASC LIMIT 3;,SELECT `Free Meal Count (Ages 5-17)` / `Enrollment (Ages 5-17)` FROM frpm WHERE `Educational Option Type` = 'Continuation School' AND `Free Meal Count (Ages 5-17)` / `Enrollment (Ages 5-17)` IS NOT NULL ORDER BY `Free Meal Count (Ages 5-17)` / `Enrollment (Ages 5-17)` ASC LIMIT 3,16.93 วินาที,16.928619861602783
2,โปรดระบุรหัสไปรษณีย์ของโรงเรียนเหมาลำทั้งหมดในสำนักงานการศึกษาเทศมณฑลเฟรสโน,Please provide the postal codes for all contracted schools within the Fresno County Education Office.,3.9744796752929688,โรงเรียนกฎบัตรหมายถึง `โรงเรียนกฎบัตร (ใช่/ไม่มี)` = 1 ในตาราง fprm,Chartered school means `Chartered school (Yes/No)` = 1 in the fprm table.,3.9812381267547607,simple,SELECT Zip FROM schools WHERE County = 'Fresno' AND Charter = 'Yes';,SELECT T2.Zip FROM frpm AS T1 INNER JOIN schools AS T2 ON T1.CDSCode = T2.CDSCode WHERE T1.`District Name` = 'Fresno County Office of Education' AND T1.`Charter School (Y/N)` = 1,12.70 วินาที,12.700344800949097
3,ที่อยู่ทางไปรษณีย์แบบไม่ย่อของโรงเรียนที่มีจำนวน FRPM สูงสุดสำหรับนักเรียนระดับอนุบาลถึงมัธยมศึกษา (K-12) คืออะไร,What is the full postal address of schools with the highest number of FRPM allocations for students from early childhood education to secondary education (K-12)?,6.424434185028076,,,-1,simple,"SELECT School, City, State, Zip FROM frpm ORDER BY FRPM Count (K-12) DESC LIMIT 10;",SELECT T2.MailStreet FROM frpm AS T1 INNER JOIN schools AS T2 ON T1.CDSCode = T2.CDSCode ORDER BY T1.`FRPM Count (K-12)` DESC LIMIT 1,14.09 วินาที,14.093031883239746
4,โปรดระบุหมายเลขโทรศัพท์ของโรงเรียนที่ได้รับทุนสนับสนุนการเช่าเหมาลำโดยตรงที่เปิดหลังวันที่ 1/1/2000,Please provide the telephone number of the school directly receiving the lease rental subsidy that commenced operations after 1/1/2000.,5.612595081329346,โรงเรียนกฎบัตรหมายถึง `โรงเรียนกฎบัตร (ใช่/ไม่มี)` = 1 ในรอบต่อนาที,Charter school indicates `Charter school (Yes/No)` = 1 per minute.,3.2875821590423584,moderate,SELECT Phone FROM schools WHERE Charter = 'Y' AND OpenDate > '2000-01-01';,SELECT T2.Phone FROM frpm AS T1 INNER JOIN schools AS T2 ON T1.CDSCode = T2.CDSCode WHERE T1.`Charter Funding Type` = 'Directly funded' AND T1.`Charter School (Y/N)` = 1 AND T2.OpenDate > '2000-01-01',14.46 วินาที,14.45731782913208
5,มีโรงเรียนกี่แห่งที่มีคะแนนเฉลี่ยในวิชาคณิตศาสตร์มากกว่า 400 ในการทดสอบ SAT ที่เป็นระบบเสมือนจริงโดยเฉพาะ,How many schools have an average math score exceeding 400 on a simulated SAT assessment?,4.375862121582031,เสมือนโดยเฉพาะหมายถึง Virtual = 'F',Virtual = 'F' specifically means,1.8969199657440186,simple,SELECT count(*) FROM satscores WHERE AvgScrMath > 400;,SELECT COUNT(DISTINCT T2.School) FROM satscores AS T1 INNER JOIN schools AS T2 ON T1.cds = T2.CDSCode WHERE T2.Virtual = 'F' AND T1.AvgScrMath > 400,12.39 วินาที,12.386955976486206
6,ในบรรดาโรงเรียนที่มีผู้สอบ SAT มากกว่า 500 คน โปรดระบุรายชื่อโรงเรียนที่เป็นโรงเรียนแม่เหล็กหรือเสนอโปรแกรมแม่เหล็ก,"Among schools with over 500 SAT test-takers, identify the schools that are magnet schools or offer magnet programs.",5.31471586227417,โรงเรียนแม่เหล็กหรือเสนอโปรแกรมแม่เหล็กหมายความว่า Magnet = 1,Schools designated as “Magnet” or offering Magnet programs mean Magnet = 1,3.1272189617156982,simple,SELECT DISTINCT s.School FROM satscores s JOIN schools s ON s.cds = s.CDSCode WHERE s.NumTstTakr > 500 AND s.Charter = 1;,SELECT T2.School FROM satscores AS T1 INNER JOIN schools AS T2 ON T1.cds = T2.CDSCode WHERE T2.Magnet = 1 AND T1.NumTstTakr > 500,16.03 วินาที,16.028225898742676
7,หมายเลขโทรศัพท์ของโรงเรียนที่มีผู้สอบ SAT มากกว่า 1500 มีจำนวนมากที่สุดคือหมายเลขโทรศัพท์อะไร?,What is the phone number of the school with the highest number of students scoring above 1500 on the SAT?,5.20176100730896,,,-1,simple,SELECT T1.Phone FROM satscores AS T1 JOIN schools AS T2 ON T1.cds = T2.CDSCode ORDER BY T1.NumGE1500 DESC LIMIT 1;,SELECT T2.Phone FROM satscores AS T1 INNER JOIN schools AS T2 ON T1.cds = T2.CDSCode ORDER BY T1.NumGE1500 DESC LIMIT 1,16.20 วินาที,16.19906997680664
8,จำนวนผู้สอบ SAT ของโรงเรียนที่มีจำนวน FRPM สูงสุดสำหรับนักเรียนระดับอนุบาลถึงมัธยมศึกษา (K-12) คือเท่าใด,What is the number of students taking the SAT in schools with the highest FRPM count for K-12 students?,5.084542989730835,,,-1,simple,SELECT T1.NumTstTakr FROM satscores AS T1 JOIN frpm AS T2 ON T1.cds = T2.CDSCode ORDER BY T2.FRPM Count (K-12) DESC LIMIT 1;,SELECT NumTstTakr FROM satscores WHERE cds = ( SELECT CDSCode FROM frpm ORDER BY `FRPM Count (K-12)` DESC LIMIT 1 ),17.39 วินาที,17.387542963027954
9,ในบรรดาโรงเรียนที่มีคะแนนเฉลี่ยวิชาคณิตศาสตร์มากกว่า 560 ในการสอบ SAT มีโรงเรียนกี่แห่งที่ได้รับทุนสนับสนุนโดยตรง,"Among schools with an average mathematics score exceeding 560 on the SAT, how many received direct funding?",4.843662977218628,,,-1,simple,SELECT count(*) FROM satscores WHERE AvgScrMath > 560 AND FundingType = 'Direct';,SELECT COUNT(T2.`School Code`) FROM satscores AS T1 INNER JOIN frpm AS T2 ON T1.cds = T2.CDSCode WHERE T1.AvgScrMath > 560 AND T2.`Charter Funding Type` = 'Directly funded',12.63 วินาที,12.63133192062378
10,สำหรับโรงเรียนที่มีคะแนนเฉลี่ยสูงสุดในด้านการอ่านในการทดสอบ SAT FRPM ของนักเรียนอายุ 5-17 ปีนับเท่าใด,"For schools with the highest average score in the reading section of the SAT FRPM test for students aged 5-17, how many?",5.75822114944458,,,-1,simple,SELECT COUNT(*) FROM satscores WHERE rtype = 'FRPM' AND cds IN (SELECT cds FROM satscores WHERE rtype = 'FRPM' ORDER BY AvgScrRead DESC LIMIT 1);,SELECT T2.`FRPM Count (Ages 5-17)` FROM satscores AS T1 INNER JOIN frpm AS T2 ON T1.cds = T2.CDSCode ORDER BY T1.AvgScrRead DESC LIMIT 1,16.14 วินาที,16.144275903701782
11,โปรดระบุรหัสของโรงเรียนที่มีจำนวนการลงทะเบียนมากกว่า 500,Please provide the school code for schools with a registration count exceeding 500.,4.08330225944519,การลงทะเบียนทั้งหมดสามารถแสดงด้วย `การลงทะเบียน (K-12)` + `การลงทะเบียน (อายุ 5-17)`,All registrations can be represented as `Registrations (K-12)` + `Registrations (ages 5-17)`.,4.8060622215271,simple,SELECT School Code FROM frpm WHERE `Enrollment (K-12)` > 500;,SELECT T2.CDSCode FROM schools AS T1 INNER JOIN frpm AS T2 ON T1.CDSCode = T2.CDSCode WHERE T2.`Enrollment (K-12)` + T2.`Enrollment (Ages 5-17)` > 500,13.74 วินาที,13.736369132995605
12,ในบรรดาโรงเรียนที่มีอัตราความเป็นเลิศ SAT มากกว่า 0.3 อัตราฟรีที่มีสิทธิ์สูงสุดสำหรับนักเรียนอายุ 5-17 ปีคือเท่าใด,"Among schools with a SAT proficiency rate exceeding 0.3, what is the maximum allowable free student entitlement rate for students aged 5-17?",6.057642936706543,อัตราความเป็นเลิศ = NumGE1500 / NumTstTakr; ราคาฟรีที่มีสิทธิ์สำหรับนักเรียนอายุ 5-17 ปี = `นับมื้ออาหารฟรี (อายุ 5-17 ปี)` / `การลงทะเบียน (อายุ 5-17 ปี)`,Excellence Rate = NumGE1500 / NumTstTakr; Entitled Free Meal Price for Students Aged 5-17 = `Count of Free Meals (Aged 5-17)` / `Enrollment (Aged 5-17)`,9.507618188858032,moderate,SELECT MAX(`Percent (%) Eligible Free (Ages 5-17)`) FROM frpm WHERE `CDSCode` IN (SELECT `cds` FROM satscores WHERE `AvgScrWrite` / `NumTstTakr` > 0.3);,SELECT MAX(CAST(T1.`Free Meal Count (Ages 5-17)` AS REAL) / T1.`Enrollment (Ages 5-17)`) FROM frpm AS T1 INNER JOIN satscores AS T2 ON T1.CDSCode = T2.cds WHERE CAST(T2.NumGE1500 AS REAL) / T2.NumTstTakr > 0.3,18.90 วินาที,18.904284954071045
13,โปรดระบุหมายเลขโทรศัพท์ของโรงเรียนที่มีอัตราความเป็นเลิศ SAT 3 อันดับแรก,Please provide the telephone number of the schools with the top three SAT performance scores.,3.950089931488037,อัตราความเป็นเลิศ = NumGE1500 / NumTstTakr,Excellence Rate = NumGE1500 / NumTstTakr,3.2802960872650146,simple,SELECT Phone FROM satscores ORDER BY AvgScrRead DESC LIMIT 3;,SELECT T1.Phone FROM schools AS T1 INNER JOIN satscores AS T2 ON T1.CDSCode = T2.cds ORDER BY CAST(T2.NumGE1500 AS REAL) / T2.NumTstTakr DESC LIMIT 3,12.28 วินาที,12.280606031417847
14,รายชื่อโรงเรียนห้าอันดับแรก ตามลำดับจากมากไปน้อยจากสูงสุดไปต่ำสุด จำนวนผู้ลงทะเบียนเรียนมากที่สุด (อายุ 5-17 ปี) โปรดระบุหมายเลขประจำตัวโรงเรียน NCES,Top five schools ranked by descending order of registered student count (ages 5-17). Please provide the NCES school identifier.,5.884902238845825,,,-1,simple,SELECT NCESSchool FROM frpm ORDER BY `Enrollment (Ages 5-17)` DESC LIMIT 5;,SELECT T1.NCESSchool FROM schools AS T1 INNER JOIN frpm AS T2 ON T1.CDSCode = T2.CDSCode ORDER BY T2.`Enrollment (Ages 5-17)` DESC LIMIT 5,13.81 วินาที,13.811824798583984
15,เขตแอคทีฟใดที่มีคะแนนเฉลี่ยสูงสุดในเรดดิ้ง?,Which active region has the highest average score in reading?,3.267439842224121,,,-1,simple,SELECT cname FROM satscores WHERE rtype = 'C' ORDER BY AvgScrRead DESC LIMIT 1;,SELECT T1.District FROM schools AS T1 INNER JOIN satscores AS T2 ON T1.CDSCode = T2.cds WHERE T1.StatusType = 'Active' ORDER BY T2.AvgScrRead DESC LIMIT 1,13.18 วินาที,13.176487922668457
16,มีโรงเรียนกี่แห่งใน Alameda ที่รวมกันแล้วมีจำนวนผู้สอบน้อยกว่า 100 คน,How many schools in Alameda have a combined total of fewer than 100 examinees?,4.431131839752197,,,-1,simple,SELECT COUNT(T1.CDSCode) FROM satscores AS T1 JOIN schools AS T2 ON T1.CDSCode = T2.CDSCode WHERE T2.County = 'Alameda' AND T1.NumTstTakr < 100;,SELECT COUNT(T1.CDSCode) FROM schools AS T1 INNER JOIN satscores AS T2 ON T1.CDSCode = T2.cds WHERE T1.StatusType = 'Merged' AND T2.NumTstTakr < 100 AND T1.County = 'Lake',19.00 วินาที,19.004738092422485
17,จัดอันดับโรงเรียนตามคะแนนเฉลี่ยในการเขียน โดยที่คะแนนมากกว่า 499 โดยแสดงหมายเลขกฎบัตรของโรงเรียน,"Rank schools based on average writing scores, displaying the school's registration number for scores exceeding 499.",4.938769102096558,หมายเลขกฎบัตรที่ถูกต้องหมายความว่าหมายเลขดังกล่าวไม่เป็นโมฆะ,A valid instrument number means the number is not void.,2.4519381523132324,simple,SELECT sname FROM satscores WHERE AvgScrWrite > 499;,"SELECT CharterNum, AvgScrWrite, RANK() OVER (ORDER BY AvgScrWrite DESC) AS WritingScoreRank FROM schools AS T1  INNER JOIN satscores AS T2 ON T1.CDSCode = T2.cds WHERE T2.AvgScrWrite > 499 AND CharterNum is not null",13.88 วินาที,13.883540153503418
18,มีโรงเรียนกี่แห่งในเฟรสโน (ได้รับทุนสนับสนุนโดยตรง) ที่มีผู้สอบไม่เกิน 250 คน,How many schools in Fresno (receiving direct funding) have fewer than 250 test-takers?,4.9937498569488525,,,-1,simple,SELECT count(*) FROM satscores WHERE cname = 'Fresno' AND NumTstTakr < 250 AND rtype = 'D';,SELECT COUNT(T1.CDSCode) FROM frpm AS T1 INNER JOIN satscores AS T2 ON T1.CDSCode = T2.cds WHERE T1.`Charter Funding Type` = 'Directly funded' AND T1.`County Name` = 'Fresno' AND T2.NumTstTakr <= 250,17.84 วินาที,17.843870162963867
19,หมายเลขโทรศัพท์ของโรงเรียนที่มีคะแนนเฉลี่ยวิชาคณิตศาสตร์สูงสุดคืออะไร?,What is the telephone number of the school with the highest average mathematics score?,4.598103046417236,,,-1,simple,SELECT Phone FROM satscores ORDER BY AvgScrMath DESC LIMIT 1;,SELECT T1.Phone FROM schools AS T1 INNER JOIN satscores AS T2 ON T1.CDSCode = T2.cds ORDER BY T2.AvgScrMath DESC LIMIT 1,16.56 วินาที,16.560704946517944
20,มีโรงเรียนกี่แห่งใน Amador ซึ่งเกรดต่ำคือ 9 และเกรดสูงคือ 12,How many schools are in Amador with grade levels ranging from 9 to 12?,5.1009321212768555,,,-1,simple,SELECT count(*) FROM frpm WHERE `County Name` = 'Amador' AND `High Grade` = 12 AND `Low Grade` = 9;,SELECT COUNT(T1.`School Name`) FROM frpm AS T1 INNER JOIN schools AS T2 ON T1.CDSCode = T2.CDSCode WHERE T2.County = 'Amador' AND T1.`Low Grade` = 9 AND T1.`High Grade` = 12,18.33 วินาที,18.334868907928467
21,ในลอสแอนเจลิส มีโรงเรียนกี่แห่งที่มีอาหารฟรีมากกว่า 500 มื้อ แต่มีอาหารฟรีหรือลดราคาน้อยกว่า 700 มื้อสำหรับ K-12,"In Los Angeles, how many schools have a free meal count exceeding 500 but fewer than 700 free or reduced-price meals for K-12 students?",8.593714237213135,,,-1,simple,SELECT count(*) FROM frpm WHERE County Name = 'Los Angeles' AND `Free Meal Count (K-12)` > 500 AND `Free Meal Count (K-12)` < 700;,SELECT COUNT(CDSCode) FROM frpm WHERE `County Name` = 'Los Angeles' AND `Free Meal Count (K-12)` > 500 AND `FRPM Count (K-12)`< 700,21.13 วินาที,21.125492095947266
22,โรงเรียนใดใน คอนทรา คอสต้า มีผู้สอบจำนวนมากที่สุด?,Which school in Contra Costa has the highest number of exam records?,4.448925018310547,,,-1,simple,SELECT T1.School FROM satscores AS T1 JOIN schools AS T2 ON T1.cds = T2.CDSCode WHERE T2.County = 'Contra Costa' ORDER BY T1.NumTstTakr DESC LIMIT 1;,SELECT sname FROM satscores WHERE cname = 'Contra Costa' AND sname IS NOT NULL ORDER BY NumTstTakr DESC LIMIT 1,20.54 วินาที,20.539695024490356
23,รายชื่อโรงเรียนที่มีความแตกต่างมากกว่า 30 ในการลงทะเบียนระหว่าง K-12 และอายุ 5-17 ปี โปรดระบุที่อยู่เต็มของโรงเรียนด้วย,List of schools with a difference greater than 30 in registrations between K-12 and the 5-17 age group. Please provide the full address of each school.,7.890833139419556,ความแตกต่างในการลงทะเบียน = `การลงทะเบียน (K-12)` - `การลงทะเบียน (อายุ 5-17 ปี)`,Difference in registration = `Registration (K-12)` - `Registration (ages 5-17)`,4.376314163208008,moderate,"SELECT T1.Street, T1.City, T1.Zip, T1.State FROM schools AS T1 JOIN frpm AS T2 ON T1.CDSCode = T2.CDSCode WHERE (T2.`Enrollment (K-12)` - T2.`Enrollment (Ages 5-17)`) > 30;","SELECT T1.School, T1.Street FROM schools AS T1 INNER JOIN frpm AS T2 ON T1.CDSCode = T2.CDSCode WHERE T2.`Enrollment (K-12)` - T2.`Enrollment (Ages 5-17)` > 30",24.50 วินาที,24.502660989761353
24,"ระบุชื่อโรงเรียนที่มีเปอร์เซ็นต์สิทธิ์รับอาหารฟรีในระดับอนุบาลถึงมัธยมศึกษาตอนปลาย (K-12) มากกว่า 0.1 และผู้สอบที่มีคะแนนสอบมากกว่าหรือเท่ากับ 1,500?","Identify schools with a free meal entitlement percentage within the K-12 range (preschool through upper secondary) exceeding 0.1, and examiners with exam scores of 1,500 or greater.",8.61405897140503,เปอร์เซ็นต์ที่มีสิทธิ์รับอาหารฟรี = จำนวนมื้ออาหารฟรี (K-12) / ทั้งหมด (การลงทะเบียน (K-12),Percentage eligible for free meals = Number of free meals (K-12) / Total (K-12 registrations),4.509258985519409,moderate,"SELECT T1.School Name FROM frpm AS T1 JOIN satscores AS T2 ON T1.CDSCode = T2.cds WHERE T1.""Percent (%) Eligible Free (K-12)"" > 0.1 AND T2.NumGE1500 >= 1;",SELECT T2.`School Name` FROM satscores AS T1 INNER JOIN frpm AS T2 ON T1.cds = T2.CDSCode WHERE CAST(T2.`Free Meal Count (K-12)` AS REAL) / T2.`Enrollment (K-12)` > 0.1 AND T1.NumGE1500 > 0,21.43 วินาที,21.43146586418152
25,ชื่อโรงเรียนในริเวอร์ไซด์ที่คะแนนเฉลี่ยคณิตศาสตร์สำหรับ SAT มากกว่า 400 โรงเรียนเหล่านี้มีทุนสนับสนุนประเภทใด?,What types of funding do riverside schools with an average SAT math score exceeding 400 receive?,4.80600380897522,ค่าเฉลี่ยของคณิตศาสตร์เฉลี่ย = ผลรวม (คะแนนคณิตศาสตร์เฉลี่ย) / การนับ (โรงเรียน),Average of mathematics scores = Sum (mathematics scores) / Count (schools),3.1754207611083984,moderate,SELECT DISTINCT T1.Charter Funding Type FROM frpm AS T1 JOIN satscores AS T2 ON T1.CDSCode = T2.cds WHERE T2.AvgScrMath > 400 AND T1.County Name = 'Riverside';,"SELECT T1.sname, T2.`Charter Funding Type` FROM satscores AS T1 INNER JOIN frpm AS T2 ON T1.cds = T2.CDSCode WHERE T2.`District Name` LIKE 'Riverside%' GROUP BY T1.sname, T2.`Charter Funding Type` HAVING CAST(SUM(T1.AvgScrMath) AS REAL) / COUNT(T1.cds) > 400",18.90 วินาที,18.896288871765137
26,ระบุชื่อและที่อยู่การสื่อสารแบบเต็มของโรงเรียนมัธยมในมอนเทอเรย์ซึ่งมีอาหารฟรีหรือลดราคามากกว่า 800 รายการสำหรับเด็กอายุ 15-17 ปี,Identify the full communication address of secondary schools in Monterrey that provide free or reduced-price meals for more than 800 students aged 15-17.,6.995625019073486,ที่อยู่สำหรับการสื่อสารแบบเต็มควรระบุถนน เมือง รัฐ และรหัสไปรษณีย์ หากมี,"Full mailing address should include street, city, state, and postal code, if applicable.",3.4219419956207275,moderate,"SELECT T1.MailStreet, T1.MailCity, T1.MailState, T1.MailZip FROM schools AS T1 JOIN frpm AS T2 ON T1.CDSCode = T2.CDSCode WHERE T1.MailState = 'CA' AND T1.MailCity = 'Monterrey' AND T2.FRPM Count (Ages 5-17) > 800 AND T1.School > 'Secondary';","SELECT T1.`School Name`, T2.Street, T2.City, T2.State, T2.Zip FROM frpm AS T1 INNER JOIN schools AS T2 ON T1.CDSCode = T2.CDSCode WHERE T2.County = 'Monterey' AND T1.`Free Meal Count (Ages 5-17)` > 800 AND T1.`School Type` = 'High Schools (Public)'",26.53 วินาที,26.530964851379395
27,คะแนนเฉลี่ยในการเขียนของโรงเรียนที่เปิดหลังปี 1991 หรือปิดก่อนปี 2000 เป็นเท่าใด ระบุชื่อโรงเรียนพร้อมคะแนน นอกจากนี้ให้ระบุหมายเลขติดต่อของโรงเรียนหากมี,"What is the average writing score for schools established after 1991 or closed before 2000? List the school names along with their scores. Additionally, provide the school's contact number if available.",9.25954008102417,หมายเลขการสื่อสารหมายถึงหมายเลขโทรศัพท์,Communication number refers to the telephone number.,2.155689001083374,moderate,"SELECT s.sname, satscores.AvgScrWrite, s.Phone FROM satscores INNER JOIN schools s ON satscores.cds = s.CDSCode WHERE s.OpenDate > '1991-12-31' OR s.ClosedDate < '2000-01-01';","SELECT T2.School, T1.AvgScrWrite, T2.Phone FROM schools AS T2 LEFT JOIN satscores AS T1 ON T2.CDSCode = T1.cds WHERE strftime('%Y', T2.OpenDate) > '1991' OR strftime('%Y', T2.ClosedDate) < '2000'",23.19 วินาที,23.187529802322388
28,พิจารณาความแตกต่างโดยเฉลี่ยระหว่างการลงทะเบียนระดับอนุบาลถึงมัธยมศึกษา (K-12) และการลงทะเบียนอายุ 15-17 ปีของโรงเรียนที่ได้รับทุนสนับสนุนในท้องถิ่น ระบุชื่อและประเภท DOC ของโรงเรียนที่มีความแตกต่างสูงกว่าค่าเฉลี่ยนี้,Analyze the average difference between enrollment data for kindergarten through secondary education (K-12) and the enrollment of 15-17 year olds for schools receiving local funding. Identify the name and DOC type of schools exhibiting a difference higher than this average.,10.087746858596802,ความแตกต่างระหว่างการลงทะเบียนระดับอนุบาลถึงมัธยมศึกษา (K-12) และการลงทะเบียนอายุ 15-17 ปี สามารถคำนวณได้จาก `การลงทะเบียน (K-12)` - `การลงทะเบียน (อายุ 5-17 ปี)`,The difference between K-12 enrollment and enrollment of individuals aged 15-17 can be calculated from `Enrollment (K-12)` - `Enrollment (Age 5-17)`.,8.152802228927612,challenging,"SELECT School Name, DOC Type FROM frpm WHERE Charter Funding Type = 'Local' AND `Enrollment (K-12)` - `Enrollment (Ages 5-17)` > (SELECT AVG(`Enrollment (K-12)` - `Enrollment (Ages 5-17)`) FROM frpm WHERE Charter Funding Type = 'Local');","SELECT T2.School, T2.DOC FROM frpm AS T1 INNER JOIN schools AS T2 ON T1.CDSCode = T2.CDSCode WHERE T2.FundingType = 'Locally funded' AND (T1.`Enrollment (K-12)` - T1.`Enrollment (Ages 5-17)`) > (SELECT AVG(T3.`Enrollment (K-12)` - T3.`Enrollment (Ages 5-17)`) FROM frpm AS T3 INNER JOIN schools AS T4 ON T3.CDSCode = T4.CDSCode WHERE T4.FundingType = 'Locally funded')",25.00 วินาที,24.997395038604736
29,โรงเรียนตั้งแต่ชั้นประถมศึกษาปีที่ 1 ถึงชั้นประถมศึกษาปีที่ 12 ที่มีการลงทะเบียนเรียนมากที่สุดเปิดทำการเมื่อใด,"When do schools, from primary level 1 to primary level 12, with the highest enrollment records open?",5.30216908454895,K-12 หมายถึงชั้นประถมศึกษาปีที่ 1 ถึงชั้นประถมศึกษาปีที่ 12,K-12 refers to grades 1 through 12.,3.054715871810913,simple,SELECT OpenDate FROM frpm WHERE Enrollment (K-12) IS NOT NULL ORDER BY Enrollment (K-12) DESC LIMIT 1;,SELECT T2.OpenDate FROM frpm AS T1 INNER JOIN schools AS T2 ON T1.CDSCode = T2.CDSCode ORDER BY T1.`Enrollment (K-12)` DESC LIMIT 1,15.24 วินาที,15.239505052566528
30,เมืองใดมีหมายเลขการลงทะเบียนต่ำสุด 5 อันดับแรกสำหรับนักเรียนเกรด 1 ถึงเกรด 12,Which cities have the lowest 5 registration numbers for students in grades 1 through 12?,4.832476854324341,K-12 หมายถึงนักเรียนในระดับชั้นประถมศึกษาปีที่ 1 ถึงเกรด 12,K-12 refers to students in grades 1 through 12.,3.3737120628356934,simple,SELECT City FROM schools ORDER BY NCESSchool ASC LIMIT 5;,SELECT T2.City FROM frpm AS T1 INNER JOIN schools AS T2 ON T1.CDSCode = T2.CDSCode GROUP BY T2.City ORDER BY SUM(T1.`Enrollment (K-12)`) ASC LIMIT 5,13.33 วินาที,13.334305047988892
31,โรงเรียนอันดับที่ 10 และ 11 ที่ลงทะเบียนฟรีสำหรับนักเรียนชั้นประถมศึกษาปีที่ 1 ถึง 12 มีโอกาสเข้าเรียนฟรีในอัตราเท่าใด,What is the probability of free enrollment for students in grades 1 through 12 at the 10th and 11th registered schools offering free registration?,6.889722108840942,ระดับอนุบาลถึงมัธยมศึกษา (K-12) หมายถึงนักเรียนในระดับชั้นประถมศึกษาปีที่ 1 ถึงเกรด 12 อัตราฟรีที่มีสิทธิ์สำหรับระดับอนุบาลถึงมัธยมศึกษา (K-12) = `จำนวนมื้ออาหารฟรี (K-12)` / `การลงทะเบียน (K-12)`,Students in grades K-12 refer to students in grades 1 through 12. The free rate eligible for students in grades K-12 = `Number of Free Meals (K-12)` / `Enrollment (K-12)`,9.755945920944214,moderate,SELECT AVG(`Percent (%) Eligible Free (K-12)`) FROM frpm WHERE `School Code` IN (SELECT `CDSCode` FROM schools WHERE `CDSCode` = '10' OR `CDSCode` = '11');,"SELECT CAST(`Free Meal Count (K-12)` AS REAL) / `Enrollment (K-12)` FROM frpm ORDER BY `Enrollment (K-12)` DESC LIMIT 9, 2",19.69 วินาที,19.685868978500366
32,อัตราค่าอาหารฟรีหรือลดราคาที่เข้าเกณฑ์สำหรับโรงเรียน 5 อันดับแรกในเกรด 1-12 ที่มีจำนวนมื้ออาหารฟรีหรือลดราคาสูงสุดของโรงเรียนที่มีรหัสการเป็นเจ้าของ 66 คือเท่าใด,"What are the eligibility criteria for free or reduced-price meal rates for the top 5 schools in grades 1-12, based on the schools with owner code 66 and the highest number of free or reduced-price meals served weekly?",9.947299003601074,เกรด 1-12 หมายถึง K-12; อัตราค่าอาหารฟรีหรือลดราคาที่มีสิทธิ์สำหรับระดับอนุบาลถึงมัธยมศึกษา (K-12) = `จำนวน FRPM (K-12)` / `การลงทะเบียน (K-12)`,Grades 1-12 refer to K-12; the free or reduced-price meal eligibility rate for kindergarten through secondary education (K-12) = `FRPM count (K-12)` / `enrollment (K-12)`,9.616780042648315,moderate,"SELECT `CDSCode`, `Percent (%) Eligible FRPM (K-12)` FROM frpm WHERE `Charter School (Y/N)` = 'Y' AND `County Code` = '66' ORDER BY `Free Meal Count (K-12)` DESC LIMIT 5;",SELECT CAST(T1.`FRPM Count (K-12)` AS REAL) / T1.`Enrollment (K-12)` FROM frpm AS T1 INNER JOIN schools AS T2 ON T1.CDSCode = T2.CDSCode WHERE T2.SOC = 66 ORDER BY T1.`FRPM Count (K-12)` DESC LIMIT 5,21.13 วินาที,21.134098052978516
33,"ถ้ามี มีที่อยู่เว็บไซต์ของโรงเรียนที่มีอาหารฟรีจำนวน 1,900-2,000 สำหรับนักเรียนอายุ 5-17 ปี บ้าง? พร้อมทั้งระบุชื่อโรงเรียน","Are there any school websites offering free meals (approximately 1,900-2,000 portions) for students aged 5-17? Please also provide the school names.",8.226006031036377,,,-1,moderate,SELECT School Name FROM frpm WHERE `Free Meal Count (Ages 5-17)` BETWEEN 1900 AND 2000 AND `Enrollment (Ages 5-17)` > 0 AND `School Name` IS NOT NULL;,"SELECT T2.Website, T1.`School Name` FROM frpm AS T1 INNER JOIN schools AS T2 ON T1.CDSCode = T2.CDSCode WHERE T1.`Free Meal Count (Ages 5-17)` BETWEEN 1900 AND 2000 AND T2.Website IS NOT NULL",19.03 วินาที,19.031630992889404
34,อัตราฟรีสำหรับนักเรียนอายุระหว่าง 5 ถึง 17 ปีในโรงเรียนที่ดำเนินการโดย Kacey Gibson คือเท่าใด,What is the free rate for students aged 5 to 17 attending schools operated by Kacey Gibson?,5.070146799087524,ราคาฟรีที่มีสิทธิ์สำหรับนักเรียนอายุ 5-17 ปี = `นับมื้ออาหารฟรี (อายุ 5-17 ปี)` / `การลงทะเบียน (อายุ 5-17 ปี)`,Free price eligible for students aged 5-17 = `Number of free meals (ages 5-17)` / `Registrations (ages 5-17)`,6.883509874343872,moderate,SELECT Percent (%) Eligible Free (Ages 5-17) FROM frpm WHERE School Name = 'Kacey Gibson';,SELECT CAST(T2.`Free Meal Count (Ages 5-17)` AS REAL) / T2.`Enrollment (Ages 5-17)` FROM schools AS T1 INNER JOIN frpm AS T2 ON T1.CDSCode = T2.CDSCode WHERE T1.AdmFName1 = 'Kacey' AND T1.AdmLName1 = 'Gibson',15.33 วินาที,15.3268301486969
35,ที่อยู่อีเมลของผู้ดูแลระบบของโรงเรียนเหมาลำที่มีนักเรียนน้อยที่สุดที่ลงทะเบียนเรียนในระดับ 1 ถึง 12 คืออะไร,What is the email address of the system administrator for the school with the fewest registered students in grades 1 to 12?,5.67079496383667,โรงเรียนที่มีแผนภูมิ หมายถึง `โรงเรียนกฎบัตร (ใช่/ไม่มี)` = 1 ในตาราง frpm; นักเรียนที่ลงทะเบียนเรียนในระดับชั้นประถมศึกษาปีที่ 1 ถึงเกรด 12 หมายถึง `การลงทะเบียน (K-12)`,Schools with a chart indicate `Charter School (Yes/No)` = 1 in the frpm table; students enrolled in grades 1 through 12 indicate `K-12 Enrollment`.,7.346224069595337,moderate,SELECT AdmEmail1 FROM schools ORDER BY enroll12 LIMIT 1;,SELECT T2.AdmEmail1 FROM frpm AS T1 INNER JOIN schools AS T2 ON T1.CDSCode = T2.CDSCode WHERE T1.`Charter School (Y/N)` = 1 ORDER BY T1.`Enrollment (K-12)` ASC LIMIT 1,13.54 วินาที,13.54285216331482
36,"โรงเรียนที่มีจำนวนนักเรียนทำคะแนน SAT ได้ตั้งแต่ 1,500 คนขึ้นไปอยู่ภายใต้การบริหารของใคร ระบุชื่อเต็มของพวกเขา","Schools with a student population achieving SAT scores of 1,500 or higher – who administers these institutions? Provide their full names.",5.991775035858154,ชื่อเต็ม หมายถึง ชื่อ นามสกุล; แต่ละโรงเรียนมีผู้บริหารสูงสุด 3 คน คะแนน SAT มากกว่าหรือเท่ากับ 1500 หมายถึง NumGE1500,Full name refers to first name and last name; each school has a maximum of 3 senior administrators. A SAT score of 1500 or greater indicates NumGE1500.,7.3850250244140625,challenging,"SELECT AdmFName1 || ' ' || AdmLName1, AdmFName2 || ' ' || AdmLName2, AdmFName3 || ' ' || AdmLName3 FROM satscores INNER JOIN schools ON satscores.cds = schools.CDSCode WHERE NumGE1500 > 0;","SELECT T2.AdmFName1, T2.AdmLName1, T2.AdmFName2, T2.AdmLName2, T2.AdmFName3, T2.AdmLName3 FROM satscores AS T1 INNER JOIN schools AS T2 ON T1.cds = T2.CDSCode ORDER BY T1.NumGE1500 DESC LIMIT 1",21.01 วินาที,21.01284098625183
37,ที่อยู่ที่สมบูรณ์ของโรงเรียนที่มีอัตราความเป็นเลิศต่ำที่สุดคืออะไร? ระบุถนน เมือง รหัสไปรษณีย์ และรัฐ,"What is the complete address of the school with the lowest performance rate? Specify street, city, postal code, and state.",5.530066967010498,อัตราความเป็นเลิศ = NumGE1500 / NumTstTakr; ที่อยู่ที่สมบูรณ์มีถนน เมือง รัฐ รหัสไปรษณีย์,"Excellence Rate = NumGE1500 / NumTstTakr; Complete address includes street, city, state, and postal code.",5.976679086685181,moderate,"SELECT Street, City, Zip, State FROM schools ORDER BY NumGE1500 / NumTstTakr ASC LIMIT 1;","SELECT T2.Street, T2.City, T2.State, T2.Zip FROM satscores AS T1 INNER JOIN schools AS T2 ON T1.cds = T2.CDSCode ORDER BY CAST(T1.NumGE1500 AS REAL) / T1.NumTstTakr ASC LIMIT 1",15.70 วินาที,15.69974684715271
38,"เว็บเพจของโรงเรียน Los Angeles County ที่มีผู้สอบระหว่าง 2,000 ถึง 3,000 คนมีอะไรบ้าง","What features exist on the Los Angeles County school website that accommodates 2,000 to 3,000 users?",5.827043056488037,,,-1,simple,SELECT Website FROM schools WHERE County = 'Los Angeles' AND Enrollment (K-12) BETWEEN 2000 AND 3000;,SELECT T2.Website FROM satscores AS T1 INNER JOIN schools AS T2 ON T1.cds = T2.CDSCode WHERE T1.NumTstTakr BETWEEN 2000 AND 3000 AND T2.County = 'Los Angeles',15.78 วินาที,15.779097080230713
39,จำนวนผู้สอบโดยเฉลี่ยจากโรงเรียนเฟรสโนที่เปิดระหว่าง 1/1/1980 ถึง 12/31/1980 คือเท่าใด,What is the average number of examinees from Fresno schools open between 1/1/1980 and 12/31/1980?,7.000584840774536,ระหว่างวันที่ 1/1/2523 ถึง 12/31/2523 หมายถึง ปี = 2523,"From January 1, 1980 to December 31, 2023 refers to the year = 1980.",5.791687965393066,simple,SELECT avg(NumTstTakr) FROM satscores WHERE cds IN (SELECT CDSCode FROM frpm WHERE County Name = 'Fresno' AND Academic Year = 1980) AND rtype = 'H';,"SELECT AVG(T1.NumTstTakr) FROM satscores AS T1 INNER JOIN schools AS T2 ON T1.cds = T2.CDSCode WHERE strftime('%Y', T2.OpenDate) = '1980' AND T2.County = 'Fresno'",18.79 วินาที,18.786818027496338
40,หมายเลขโทรศัพท์ของโรงเรียนที่มีคะแนนเฉลี่ยการอ่านต่ำสุดใน Fresno Unified คืออะไร?,What is the telephone number of the school with the lowest average reading score in Fresno Unified?,4.532765865325928,Fresno Unified เป็นชื่อของเขต;,Fresno Unified is the name of the district.,2.4631168842315674,moderate,SELECT Phone FROM satscores WHERE dname = 'Fresno Unified' ORDER BY AvgScrRead ASC LIMIT 1;,SELECT T2.Phone FROM satscores AS T1 INNER JOIN schools AS T2 ON T1.cds = T2.CDSCode WHERE T2.District = 'Fresno Unified' AND T1.AvgScrRead IS NOT NULL ORDER BY T1.AvgScrRead ASC LIMIT 1,14.40 วินาที,14.397845983505249
41,รายชื่อโรงเรียนเสมือนที่อยู่ใน 5 อันดับแรกในมณฑลของตน โดยพิจารณาจากคะแนนการอ่านโดยเฉลี่ย,"Top-ranked virtual schools in their respective provinces, based on average reading scores.",4.212054014205933,เสมือนโดยเฉพาะหมายถึง Virtual = 'F'; มณฑลที่เกี่ยวข้องหมายถึงการแบ่งตามมณฑล,"Virtual, specifically, means Virtual = 'F'; Related Province means provincial segmentation.",3.3562419414520264,simple,SELECT sname FROM satscores WHERE rtype = 'H' AND Virtual = 'F' ORDER BY AvgScrRead DESC LIMIT 20;,"SELECT School FROM (SELECT T2.School,T1.AvgScrRead, RANK() OVER (PARTITION BY T2.County ORDER BY T1.AvgScrRead DESC) AS rnk FROM satscores AS T1 INNER JOIN schools AS T2 ON T1.cds = T2.CDSCode WHERE T2.Virtual = 'F' ) ranked_schools WHERE rnk <= 5",15.45 วินาที,15.451622009277344
42,ประเภทของการศึกษาที่เปิดสอนในโรงเรียนที่ทำคะแนนเฉลี่ยสูงสุดในวิชาคณิตศาสตร์คืออะไร?,What types of educational programs are offered at schools with the highest average math scores?,4.2199060916900635,,,-1,simple,SELECT T1.EdOpsName FROM frpm AS T1 JOIN satscores AS T2 ON T1.CDSCode = T2.cds ORDER BY T2.AvgScrMath DESC LIMIT 100;,SELECT T2.EdOpsName FROM satscores AS T1 INNER JOIN schools AS T2 ON T1.cds = T2.CDSCode ORDER BY T1.AvgScrMath DESC LIMIT 1,17.64 วินาที,17.63708996772766
43,คะแนนเฉลี่ยคณิตศาสตร์ของโรงเรียนที่มีคะแนนเฉลี่ยต่ำที่สุดสำหรับทุกวิชาคือเท่าใด และตั้งอยู่ในเขตใด,"What is the average mathematics score of the school with the lowest average score across all subjects, and in which district is it located?",5.704161167144775,คะแนนเฉลี่ยของทุกวิชาสามารถคำนวณโดย AvgScrMath + AvgScrRead + AvgScrWrite,The average score across all subjects can be calculated as AvgScrMath + AvgScrRead + AvgScrWrite.,4.244439125061035,moderate,"SELECT satscores.AvgScrMath, satscores.dname FROM satscores ORDER BY (satscores.AvgScrRead + satscores.AvgScrMath + satscores.AvgScrWrite) ASC LIMIT 1;","SELECT T1.AvgScrMath, T2.County FROM satscores AS T1 INNER JOIN schools AS T2 ON T1.cds = T2.CDSCode WHERE T1.AvgScrMath IS NOT NULL ORDER BY T1.AvgScrMath + T1.AvgScrRead + T1.AvgScrWrite ASC LIMIT 1",18.20 วินาที,18.204012155532837
44,"คะแนนการเขียนเฉลี่ยของโรงเรียนที่มีจำนวนผู้เข้าสอบมากที่สุดซึ่งมีคะแนน SAT รวมมากกว่าหรือเท่ากับ 1,500 เป็นเท่าใด ระบุเมืองที่โรงเรียนตั้งอยู่","What is the average writing score of schools with the highest number of test-takers that have a combined SAT score of 1,500 or greater? Identify the city where the schools are located.",8.668834209442139,,,-1,simple,"SELECT AVG(AvgScrWrite), City FROM satscores WHERE NumGE1500 = (SELECT MAX(NumGE1500) FROM satscores);","SELECT T1.AvgScrWrite, T2.City FROM satscores AS T1 INNER JOIN schools AS T2 ON T1.cds = T2.CDSCode ORDER BY T1.NumGE1500 DESC LIMIT 1",16.26 วินาที,16.26142120361328
45,คะแนนการเขียนเฉลี่ยของแต่ละโรงเรียนที่บริหารโดย Ricci Ulrich เป็นเท่าใด รายชื่อโรงเรียนและคะแนนการเขียนโดยเฉลี่ยที่เกี่ยวข้อง,What is the average writing score for each school managed by Ricci Ulrich? A list of schools and their corresponding average writing scores is required.,5.860998868942261,โดยปกติแล้ว ผู้บริหารจะจัดการเรื่องของโรงเรียน,"Typically, management handles school matters.",2.0086829662323,moderate,"SELECT s.School, AVG(satscores.AvgScrWrite) FROM satscores JOIN schools s ON satscores.cds = s.CDSCode WHERE s.AdmFName1 = 'Ricci' AND s.AdmLastName1 = 'Ulrich' GROUP BY s.School;","SELECT T2.School, T1.AvgScrWrite FROM satscores AS T1 INNER JOIN schools AS T2 ON T1.cds = T2.CDSCode WHERE T2.AdmFName1 = 'Ricci' AND T2.AdmLName1 = 'Ulrich'",19.64 วินาที,19.635984897613525
46,โรงเรียนพิเศษของรัฐใดมีจำนวนผู้ลงทะเบียนตั้งแต่เกรด 1 ถึงเกรด 12 มากที่สุด,Which state-run special schools have the highest number of registered students from grades 1 to 12?,5.092211008071899,โรงเรียนพิเศษของรัฐ หมายถึง DOC = 31; เกรด 1 ถึง 12 หมายถึง K-12,State-run special school means DOC = 31; Grades 1 to 12 means K-12,4.514711856842041,simple,"SELECT frpm.School Name FROM frpm WHERE frpm.DOC = 31 ORDER BY frpm.""Enrollment (K-12)"" DESC LIMIT 1;",SELECT T2.School FROM frpm AS T1 INNER JOIN schools AS T2 ON T1.CDSCode = T2.CDSCode WHERE T2.DOC = 31 ORDER BY T1.`Enrollment (K-12)` DESC LIMIT 1,16.69 วินาที,16.69470524787903
47,จำนวนโรงเรียนโดยเฉลี่ยต่อเดือนที่เปิดในเขตอาลาเมดาภายใต้เขตอำนาจของเขตการศึกษาประถมศึกษาในปี 1980 คือเท่าใด,What was the average number of schools opened per month in Alameda County under the jurisdiction of the elementary education district in 1980?,6.046152353286743,เขตการศึกษาประถมศึกษา หมายถึง DOC = 52; จำนวนโรงเรียนเฉลี่ยต่อเดือนที่เปิดในปี 2523 = จำนวน(โรงเรียนที่เปิดในปี 2523) / 12,Educational Zone (Primary) refers to DOC = 52; Average number of schools opened per month in 1983 = Number(schools opened in 1983) / 12,7.568652868270874,moderate,"SELECT CAST(COUNT(T1.CDSCode) / 12 AS DECIMAL(10,2)) FROM schools AS T1 WHERE T1.County = 'Alameda' AND STRFTIME('%Y', T1.OpenDate) = '1980' AND T1.DOC IN (SELECT DOC FROM frpm WHERE County Name = 'Alameda' AND District Type = 'Elementary Education District');","SELECT CAST(COUNT(School) AS REAL) / 12 FROM schools WHERE DOC = 52 AND County = 'Alameda' AND strftime('%Y', OpenDate) = '1980'",24.85 วินาที,24.851691007614136
48,อัตราส่วนของโรงเรียน Unified School District ที่รวมใน Orange County กับโรงเรียน Elementary School District ที่รวมเข้าด้วยกันคือเท่าใด,What is the ratio of schools included in the Unified School District to those included in the Elementary School District in Orange County?,5.375450134277344,เขตการศึกษาประถมศึกษา หมายถึง DOC = 52; Unified School District อ้างอิงถึง DOC = 54,Educational Zone for Primary Education refers to DOC = 52; Unified School District refers to DOC = 54.,4.5315070152282715,moderate,SELECT CAST(SUM(CASE WHEN DOC = 54 THEN 1 ELSE 0 END) AS REAL) / SUM(CASE WHEN DOC = 52 THEN 1 ELSE 0 END) FROM frpm WHERE County Name = 'Orange';,SELECT CAST(SUM(CASE WHEN DOC = 54 THEN 1 ELSE 0 END) AS REAL) / SUM(CASE WHEN DOC = 52 THEN 1 ELSE 0 END) FROM schools WHERE StatusType = 'Merged' AND County = 'Orange',19.48 วินาที,19.48102378845215
49,จังหวัดใดมีจำนวนโรงเรียนปิดมากที่สุด? กรุณาระบุชื่อของแต่ละโรงเรียนและวันที่ปิดทำการ,Which province has the highest number of school closures? Please list the name of each school and the closure date.,4.892843961715698,วันที่ปิดและวันที่ปิดเป็นคำพ้องความหมาย 'ปิด' ถูกกล่าวถึงใน school.StatusType,The close date and closure date are synonyms. 'Close' is referenced in school.StatusType.,4.035461187362671,moderate,"SELECT School, ClosedDate FROM schools WHERE StatusType = 'Closed' ORDER BY ClosedDate DESC LIMIT 1;","SELECT DISTINCT County, School, ClosedDate FROM schools WHERE County = ( SELECT County FROM schools WHERE StatusType = 'Closed' GROUP BY County ORDER BY COUNT(School) DESC LIMIT 1 ) AND StatusType = 'Closed' AND school IS NOT NULL",13.94 วินาที,13.94277024269104
50,ที่อยู่ทางไปรษณีย์ของโรงเรียนที่มีคะแนนเฉลี่ยคณิตศาสตร์สูงสุดอันดับที่ 7 คืออะไร ระบุชื่อโรงเรียน,"What is the postal address of the school with the highest average mathematics score, ranked 7th? Please identify the school's name.",5.685603141784668,ถนนไปรษณีย์และถนนส่งไปรษณีย์เป็นคำพ้องความหมาย,Postal Road and Mailing Road are synonymous.,2.0282039642333984,simple,SELECT School FROM schools ORDER BY (SELECT AvgScrMath FROM satscores WHERE satscores.cds = schools.CDSCode) DESC LIMIT 1 OFFSET 6;,"SELECT T2.MailStreet, T2.School FROM satscores AS T1 INNER JOIN schools AS T2 ON T1.cds = T2.CDSCode ORDER BY T1.AvgScrMath DESC LIMIT 6, 1",14.92 วินาที,14.924891948699951
51,ที่อยู่ทางไปรษณีย์ใดที่คุณสามารถหาโรงเรียนที่มีคะแนนเฉลี่ยในการอ่านต่ำที่สุดได้ แจ้งชื่อโรงเรียนด้วย,Which postal address can be used to locate schools with the lowest average reading scores? Please provide the school names as well.,5.162822246551514,,,-1,simple,"SELECT s.Street, s.City, s.Zip, s.School FROM schools s JOIN satscores sa ON s.CDSCode = sa.cds ORDER BY sa.AvgScrRead ASC LIMIT 20;","SELECT T2.MailStreet, T2.School FROM satscores AS T1 INNER JOIN schools AS T2 ON T1.cds = T2.CDSCode WHERE T1.AvgScrRead IS NOT NULL ORDER BY T1.AvgScrRead ASC LIMIT 1",17.04 วินาที,17.03670883178711
52,"จำนวนโรงเรียนทั้งหมดที่มีคะแนน SAT รวมมากกว่าหรือเท่ากับ 1,500 ซึ่งมีเมืองส่งไปรษณีย์คือ Lakeport คือเท่าใด","What is the number of schools with a total SAT score of 1,500 or greater that have a mailing city of Lakeport?",5.865408182144165,คะแนน SAT ทั้งหมดสามารถคำนวณได้โดย AvgScrRead + AvgScrMath + AvgScrWrite,The total SAT score can be calculated as AvgScrRead + AvgScrMath + AvgScrWrite.,3.728661060333252,simple,SELECT count(*) FROM satscores WHERE (AvgScrRead + AvgScrMath + AvgScrWrite) >= 1500 AND dname = 'Lakeport';,SELECT COUNT(T1.cds) FROM satscores AS T1 INNER JOIN schools AS T2 ON T1.cds = T2.CDSCode WHERE T2.MailCity = 'Lakeport' AND (T1.AvgScrRead + T1.AvgScrMath + T1.AvgScrWrite) >= 1500,15.65 วินาที,15.654846906661987
53,มีผู้สอบจำนวนกี่คนที่โรงเรียนซึ่งมีที่อยู่ทางไปรษณีย์อยู่ในเฟรสโน,How many auditors are associated with the school with a postal address in Fresno?,3.816283941268921,,,-1,simple,SELECT COUNT(*) FROM schools WHERE MailCity = 'Fresno' AND StatusType = 'Auditor';,SELECT T1.NumTstTakr FROM satscores AS T1 INNER JOIN schools AS T2 ON T1.cds = T2.CDSCode WHERE T2.MailCity = 'Fresno',13.22 วินาที,13.22202181816101
54,โปรดระบุโรงเรียนทั้งหมดและรหัสไปรษณีย์ที่เกี่ยวข้องซึ่งอยู่ภายใต้การบริหารของ Avetik Atoian,Please specify all schools and associated postal codes administered by Avetik Atoian.,3.827087163925171,,,-1,simple,"SELECT T1.School, T1.Zip FROM schools AS T1 WHERE T1.School LIKE '%Avetik Atoian%';","SELECT School, MailZip FROM schools WHERE AdmFName1 = 'Avetik' AND AdmLName1 = 'Atoian'",14.07 วินาที,14.072260856628418
55,ในบรรดาโรงเรียนที่มีที่อยู่ทางไปรษณีย์ในรัฐแคลิฟอร์เนีย อัตราส่วนของโรงเรียนที่ตั้งอยู่ในเขต Colusa กับโรงเรียนที่ตั้งอยู่ในเขต Humboldt เป็นเท่าใด,What is the ratio of schools located in Colusa County to schools located in Humboldt County among schools with postal addresses in the state of California?,6.023437976837158,Ratio = จำนวน(โรงเรียนใน Colusa) / จำนวน(โรงเรียนใน Humboldt),Ratio = Count(Schools in Colusa) / Count(Schools in Humboldt),3.1397809982299805,moderate,SELECT CAST(COUNT(CASE WHEN `County` = 'Colusa' THEN 1 END) AS REAL) / CAST(COUNT(CASE WHEN `County` = 'Humboldt' THEN 1 END) AS REAL) FROM schools WHERE `MailState` = 'CA';,SELECT CAST(SUM(CASE WHEN County = 'Colusa' THEN 1 ELSE 0 END) AS REAL) / SUM(CASE WHEN County = 'Humboldt' THEN 1 ELSE 0 END) FROM schools WHERE MailState = 'CA',18.85 วินาที,18.849626064300537
56,ในบรรดาโรงเรียนทั้งหมดที่มีที่อยู่ทางไปรษณีย์ในรัฐแคลิฟอร์เนีย มีโรงเรียนกี่แห่งที่เปิดดำเนินการในเมือง San Joaquin,"Of all schools with mailing addresses in the state of California, how many are actively operating in the San Joaquin County?",4.920230865478516,,,-1,simple,SELECT COUNT(CDSCode) FROM schools WHERE MailState = 'CA' AND County = 'San Joaquin County' AND StatusType = 'Active';,SELECT COUNT(CDSCode) FROM schools WHERE City = 'San Joaquin' AND MailState = 'CA' AND StatusType = 'Active',14.37 วินาที,14.36846113204956
57,หมายเลขโทรศัพท์และหมายเลขต่อพ่วงของโรงเรียนที่มีคะแนนการเขียนเฉลี่ยสูงสุดอันดับที่ 333 คืออะไร?,"What are the telephone number and associated identifiers of the school with the highest average writing score, ranked 333rd?",5.281145811080933,,,-1,simple,"SELECT Phone, CDSCode FROM satscores ORDER BY AvgScrWrite DESC LIMIT 1 OFFSET 332;","SELECT T2.Phone, T2.Ext FROM satscores AS T1 INNER JOIN schools AS T2 ON T1.cds = T2.CDSCode ORDER BY T1.AvgScrWrite DESC LIMIT 332, 1",13.37 วินาที,13.365465879440308
58,หมายเลขโทรศัพท์และหมายเลขต่อขยายของโรงเรียนที่มีรหัสไปรษณีย์ 95203-3704 คืออะไร? ระบุชื่อโรงเรียน,What are the telephone numbers and extensions for schools with postal codes 95203-3704? Please specify the school names.,5.901281118392944,,,-1,simple,"SELECT School, Phone, Ext FROM schools WHERE Zip = '95203-3704';","SELECT Phone, Ext, School FROM schools WHERE Zip = '95203-3704'",13.51 วินาที,13.513154029846191
59,เว็บไซต์สำหรับโรงเรียนภายใต้การบริหารของ Mike Larson และ Dante Alvarez คืออะไร?,What is the website for schools under the administration of Mike Larson and Dante Alvarez?,3.9436206817626953,,,-1,simple,SELECT Website FROM schools WHERE AdmFName1 = 'Mike' AND AdmLName1 = 'Larson' OR AdmFName1 = 'Dante' AND AdmLName1 = 'Alvarez';,SELECT Website FROM schools WHERE (AdmFName1 = 'Mike' AND AdmLName1 = 'Larson') OR (AdmFName1 = 'Dante' AND AdmLName1 = 'Alvarez'),16.05 วินาที,16.052890062332153
60,เว็บไซต์ของโรงเรียนเช่าเหมาลำเสมือนบางส่วนทั้งหมดที่ตั้งอยู่ใน San Joaquin คืออะไร,What is the leased virtual domain of the school’s website located in San Joaquin?,4.0875349044799805,Virtual = 'P' หมายถึงเสมือนบางส่วน โรงเรียนกฎบัตรหมายถึงกฎบัตร = 1 ในโรงเรียนตาราง,Virtual = 'P' means partially virtual; charter school means charter = 1 in the schedule table.,3.8432750701904297,simple,SELECT Website FROM schools WHERE County = 'San Joaquin' AND Virtual = 'P';,SELECT Website FROM schools WHERE County = 'San Joaquin' AND Virtual = 'P' AND Charter = 1,12.70 วินาที,12.698990106582642
61,มีโรงเรียนเหมาลำจำนวนกี่แห่งที่ตั้งอยู่ในเมืองฮิคแมนที่เป็นของเขตการศึกษาประถมศึกษา,"How many contracted schools are located in Hickman, which is part of the elementary school district?",4.2375500202178955,เขตการศึกษาประถมศึกษา หมายถึง DOC = 52; โรงเรียนเหมาลำอ้างถึงกฎบัตร = 1 ในโรงเรียนแบบตาราง,Educational Zone: Elementary = DOC = 52; School contract refers to charter = 1 in tabular school.,4.104496002197266,simple,SELECT COUNT(*) FROM frpm WHERE District Name = 'Hickman' AND `District Type` = 'Elementary';,SELECT COUNT(School) FROM schools WHERE DOC = 52 AND Charter = 1 AND City = 'Hickman',13.70 วินาที,13.699395179748535
62,จำนวนโรงเรียนที่ไม่เช่าเหมาลำในเขตลอสแอนเจลิสทั้งหมดที่มีเปอร์เซ็นต์ (%) ของอาหารฟรีที่เข้าเกณฑ์สำหรับเกรด 1 ถึง 12 ที่น้อยกว่า 0.18% คือเท่าใด,What is the count of schools in the Los Angeles district that do not have exclusive leases and have a percentage (%) of free meals eligible for grades 1 through 12 that is less than 0.18%?,8.379267930984497,โรงเรียนที่ไม่มีการเช่าเหมาลำหมายถึงโรงเรียนที่มีกฎบัตร = 0; K-12 หมายถึงเกรด 1 ถึง 12; เปอร์เซ็นต์ของอัตราฟรีที่มีสิทธิ์สำหรับ K-12 = `จำนวนมื้ออาหารฟรี (K-12)` * 100 / `การลงทะเบียน (K-12)`,Schools with no contracted management refer to schools with charter = 0; K-12 refers to grades 1 through 12; Percentage of eligible free rate for K-12 = `Free Meal Count (K-12)` * 100 / `Enrollment (K-12)`,10.62674617767334,challenging,SELECT count(*) FROM frpm WHERE County Name = 'Los Angeles' AND `Percent (%) Eligible Free (K-12)` < 0.0018;,SELECT COUNT(T2.School) FROM frpm AS T1 INNER JOIN schools AS T2 ON T1.CDSCode = T2.CDSCode WHERE T2.County = 'Los Angeles' AND T2.Charter = 0 AND CAST(T1.`Free Meal Count (K-12)` AS REAL) * 100 / T1.`Enrollment (K-12)` < 0.18,16.50 วินาที,16.500943183898926
63,ในโรงเรียนเหมาลำที่มีกฎบัตรหมายเลข 00D2 ผู้บริหารทั้งหมดชื่ออะไร รวมชื่อโรงเรียนและเมืองที่สังกัด,"In the contracted school with charter number 00D2, what are the names of all administrators, including the school name and affiliated district?",5.736781120300293,โรงเรียนเหมาลำอ้างถึงกฎบัตร = 1 ในโรงเรียนแบบตาราง ชื่อเต็ม หมายถึง ชื่อ นามสกุล,Contracted schools refer to the charter = 1 in tabular schools. Full name means first name and last name.,4.2376909255981445,simple,"SELECT School Name, District Name, AdmFName1 || ' ' || AdmLName1, AdmFName2 || ' ' || AdmLName2, AdmFName3 || ' ' || AdmLName3 FROM frpm WHERE Charter School (Y/N) = 'Y' AND Charter School Number = '00D2';","SELECT AdmFName1, AdmLName1, School, City FROM schools WHERE Charter = 1 AND CharterNum = '00D2'",20.47 วินาที,20.46578598022461
64,จำนวนโรงเรียนทั้งหมดที่มีเมืองส่งไปรษณีย์ใน Hickman อยู่ภายใต้กฎบัตรหมายเลข 00D4 คือเท่าใด,What is the total number of schools with postal code locations in Hickman that operate under charter number 00D4?,5.0722057819366455,,,-1,simple,SELECT COUNT(*) FROM schools WHERE MailZip = 'Hickman' AND CharterNum = '00D4';,SELECT COUNT(*) FROM schools WHERE CharterNum = '00D4' AND MailCity = 'Hickman',13.52 วินาที,13.516017198562622
65,อัตราส่วนเป็นเปอร์เซ็นต์ของโรงเรียนซานตาคลาราเคาน์ตี้ที่ได้รับทุนสนับสนุนในท้องถิ่นเมื่อเปรียบเทียบกับเงินทุนสำหรับโรงเรียนเช่าเหมาลำประเภทอื่นทั้งหมดคือเท่าใด,What is the percentage ratio of Santa Clara County schools receiving local funding compared to funding for all other types of leased facilities?,5.478817939758301,อัตราส่วนเป็นเปอร์เซ็นต์ = (จำนวน (โรงเรียนที่ได้รับทุนสนับสนุนในท้องถิ่นในซานตาคลารา) / จำนวน (โรงเรียนประเภทเงินทุนทั้งหมดในซานตาคลารา) * 100%,Percentage ratio = (Number (of schools receiving local funding in Santa Clara) / Number (of total funded schools in Santa Clara) * 100%,5.819669961929321,moderate,SELECT CAST(SUM(CASE WHEN `FundingType` = 'Leased' THEN 1 ELSE 0 END) AS REAL) * 100 / COUNT(*) FROM schools WHERE County = 'Santa Clara';,SELECT CAST(SUM(CASE WHEN FundingType = 'Locally funded' THEN 1 ELSE 0 END) AS REAL) * 100 / SUM(CASE WHEN FundingType != 'Locally funded' THEN 1 ELSE 0 END) FROM schools WHERE County = 'Santa Clara' AND Charter = 1,16.98 วินาที,16.97904109954834
66,ระหว่างวันที่ 1/1/2000 ถึง 31/12/2005 มีโรงเรียนที่ได้รับทุนสนับสนุนโดยตรงกี่แห่งที่เปิดดำเนินการในเขตสตานิสลอส,"Between January 1, 2000, and December 31, 2005, how many schools receiving direct funding were operational in the Stanislaus County?",7.2535080909729,โรงเรียนที่ได้รับทุนโดยตรงหมายถึง FundingType = 'ได้รับทุนโดยตรง',Schools that receive funding directly refer to FundingType = 'Directly Funded'.,3.041692018508911,simple,SELECT count(*) FROM schools WHERE StatusType = 'Active' AND County = 'Stanislaus' AND FundingType = 'Directly Funded' AND OpenDate BETWEEN '2000-01-01' AND '2005-12-31';,"SELECT COUNT(School) FROM schools WHERE strftime('%Y', OpenDate) BETWEEN '2000' AND '2005' AND County = 'Stanislaus' AND FundingType = 'Directly funded'",19.05 วินาที,19.054290056228638
67,จำนวนเงินรวมของการปิด Community College District ในปี 1989 ในเมืองซานฟรานซิสโกคือเท่าใด,What was the total amount of funds closed for the Community College District in San Francisco in 1989?,4.932934045791626,,,-1,simple,-- Unable to answer the question. The database schema does not contain information about funding or Community College Districts. Returning an empty query.;,"SELECT COUNT(School) FROM schools WHERE strftime('%Y', ClosedDate) = '1989' AND City = 'San Francisco' AND DOCType = 'Community College District'",13.98 วินาที,13.976604700088501
68,เทศมณฑลใดรายงานจำนวนการปิดโรงเรียนมากที่สุดในทศวรรษ 1980 โดยมีรหัสความเป็นเจ้าของโรงเรียนที่เป็นของ Youth Authority Facilities (CEA),"Which county reported the highest number of school closures in the 1980s, with a school ownership code belonging to Youth Authority Facilities (CEA)?",6.102685213088989,สิ่งอำนวยความสะดวกของหน่วยงานเยาวชน (CEA) หมายถึง SOC = 11; 1980s = ปีระหว่างปี 1980 ถึง 1989,Youth Agency Facilities (YAF) refers to SOC = 11; 1980s = years between 1980 and 1989.,6.290621995925903,moderate,"SELECT County FROM schools WHERE strftime('%Y', OpenDate) BETWEEN '1980' AND '1989' AND SOC = 11 GROUP BY County ORDER BY COUNT(*) DESC LIMIT 1;","SELECT County FROM schools WHERE strftime('%Y', ClosedDate) BETWEEN '1980' AND '1989' AND StatusType = 'Closed' AND SOC = 11 GROUP BY County ORDER BY COUNT(School) DESC LIMIT 1",17.04 วินาที,17.03642511367798
69,โปรดระบุหมายเลขประจำตัวของเขตโรงเรียนของศูนย์สถิติการศึกษาแห่งชาติสำหรับโรงเรียนทุกแห่งที่มีรหัสการเป็นเจ้าของโรงเรียนซึ่งเป็นส่วนหนึ่งของโรงเรียนพิเศษของรัฐ,"Please provide the school district identifier for all schools with an ownership code that are part of state-funded special schools, as provided by the National Education Statistics Center.",6.585494041442871,โรงเรียนพิเศษของรัฐหมายความว่า SOC = 31,State-funded special school means SOC = 31,2.4263510704040527,simple,SELECT DISTINCT NCESDist FROM schools WHERE SOC = 31;,SELECT NCESDist FROM schools WHERE SOC = 31,12.74 วินาที,12.73728609085083
70,มีโรงเรียนประจำเขต Community Day ที่ยังเปิดดำเนินการและปิดอยู่กี่แห่งในเขตอัลไพน์,How many Community Day schools are currently operational and closed within the Alpine district?,3.8076329231262207,,,-1,simple,SELECT count(*) FROM frpm WHERE District Name = 'Alpine' AND School Type = 'Community Day School';,SELECT COUNT(School) FROM schools WHERE (StatusType = 'Closed' OR StatusType = 'Active') AND SOC = 69 AND County = 'Alpine',13.36 วินาที,13.363455295562744
71,รหัสเขตของโรงเรียนที่ไม่มีโปรแกรมแม่เหล็กในเมืองเฟรสโนคืออะไร,What is the district code for schools without a magnetic program in Fresno?,3.6764726638793945,เมื่อ magent ในฐานข้อมูลมีค่าเท่ากับ 0 แสดงว่าโรงเรียนไม่มีโปรแกรมแม่เหล็ก,"When the magent field in the database has a value of 0, it indicates that the school does not have a magnetic program.",4.659861087799072,simple,SELECT District FROM frpm WHERE County Name = 'Fresno' AND Magnet = 0;,SELECT T1.`District Code` FROM frpm AS T1 INNER JOIN schools AS T2 ON T1.CDSCode = T2.CDSCode WHERE T2.City = 'Fresno' AND T2.Magnet = 0,12.87 วินาที,12.866078853607178
72,มีนักเรียนอายุ 5 ถึง 17 ปีลงทะเบียนเรียนที่โรงเรียน State Special School ในฟรีมอนต์สำหรับปีการศึกษา 2014-2015 จำนวนกี่คน,How many students aged 5 to 17 were registered at State Special School in Fremont for the 2014-2015 academic year?,6.707772970199585,โรงเรียนพิเศษของรัฐ หมายถึง EdOpsCode = 'SSS',State Special School means EdOpsCode = 'SSS',2.4457318782806396,moderate,SELECT SUM(`Enrollment (Ages 5-17)`) FROM frpm WHERE `Educational Option Type` = 'SSS' AND `District Name` = 'Fremont' AND `Academic Year` = '2014-15';,SELECT T1.`Enrollment (Ages 5-17)` FROM frpm AS T1 INNER JOIN schools AS T2 ON T1.CDSCode = T2.CDSCode WHERE T2.EdOpsCode = 'SSS' AND T2.City = 'Fremont' AND T1.`Academic Year` BETWEEN 2014 AND 2015,18.45 วินาที,18.449538946151733
73,จำนวนมื้ออาหารฟรีหรือลดราคาสำหรับเด็กอายุ 5 ถึง 17 ปีใน Youth Authority School ซึ่งมีที่อยู่ทางไปรษณีย์คือตู้ ป.ณ. 1040,"Number of complimentary or discounted meals for children aged 5 to 17 at Youth Authority School, with postal address P.O. Box 1040.",6.841949939727783,,,-1,simple,SELECT `Free Meal Count (Ages 5-17)` FROM frpm WHERE `School Name` = 'Youth Authority School' AND `MailCity` = 'P.O. Box 1040';,SELECT T1.`FRPM Count (Ages 5-17)` FROM frpm AS T1 INNER JOIN schools AS T2 ON T1.CDSCode = T2.CDSCode WHERE T2.MailStreet = 'PO Box 1040' AND T2.SOCType = 'Youth Authority Facilities',18.09 วินาที,18.09398889541626
74,เกรดต่ำสุดสำหรับโรงเรียน Consortia การศึกษาพิเศษประจำเขต โดยมีศูนย์สถิติการศึกษาแห่งชาติ หมายเลขประจำตัวเขตการศึกษา 0613360,"Lowest grade for Consortia Special Education Zone Schools, National Education Statistics Center, Zone Education ID 0613360.",6.026457786560059,โรงเรียน Consortia การศึกษาพิเศษของเขตหมายถึง EdOpsCode = 'SPECON',Consortia Special Education Schools are defined as EdOpsCode = 'SPECON'.,3.280724287033081,moderate,SELECT MIN(Low Grade) FROM frpm WHERE District Code = '0613360' AND Educational Option Type = 'SPECON';,SELECT MIN(T1.`Low Grade`) FROM frpm AS T1 INNER JOIN schools AS T2 ON T1.CDSCode = T2.CDSCode WHERE T2.NCESDist = '0613360' AND T2.EdOpsCode = 'SPECON',15.10 วินาที,15.095325946807861
75,ชื่อระดับการศึกษาของโรงเรียนที่มี Breakfast Provision 2 ในรหัสเทศมณฑล 37 คืออะไร ระบุชื่อโรงเรียน,What is the education level name for schools with Breakfast Provision 2 in county code 37? Identify the school names.,5.192471027374268,,,-1,simple,SELECT T1.School Name FROM frpm AS T1 WHERE T1.County Code = 37 AND T1.NSLP Provision Status = 'Breakfast Provision 2';,"SELECT T2.EILName, T2.School FROM frpm AS T1 INNER JOIN schools AS T2 ON T1.CDSCode = T2.CDSCode WHERE T1.`NSLP Provision Status` = 'Breakfast Provision 2' AND T1.`County Code` = 37",15.53 วินาที,15.532894134521484
76,ที่ตั้งของเมืองของโรงเรียนระดับมัธยมปลายที่มีการจัดหาอาหารกลางวัน 2 ซึ่งมีเกรดต่ำสุดคือ 9 และเกรดสูงสุดคือ 12 ในเขตเมอร์เซดคืออะไร,What is the location of secondary schools providing lunch programs with grade levels ranging from 9 to 12 in the Merced district?,5.8243091106414795,โรงเรียนมัธยมสามารถแสดงเป็น EILCode = 'HS',Secondary schools can be represented as EILCode = 'HS',2.6897737979888916,moderate,"SELECT T1.Street, T1.City, T1.Zip FROM schools AS T1 JOIN frpm AS T2 ON T1.CDSCode = T2.CDSCode WHERE T1.District = 'Merced' AND T2.Low Grade = 9 AND T2.High Grade = 12 AND T1.EILCode = 'HS';",SELECT T2.City FROM frpm AS T1 INNER JOIN schools AS T2 ON T1.CDSCode = T2.CDSCode WHERE T1.`NSLP Provision Status` = 'Lunch Provision 2' AND T2.County = 'Merced' AND T1.`Low Grade` = 9 AND T1.`High Grade` = 12 AND T2.EILCode = 'HS',21.39 วินาที,21.38797116279602
77,โรงเรียนใดบ้างที่เปิดสอนช่วงชั้นอนุบาลถึงชั้นประถมศึกษาปีที่ 9 ในเขตลอสแอนเจลิส และเปอร์เซ็นต์ (%) FRPM ที่มีสิทธิ์ (อายุ 5-17 ปี) เป็นเท่าใด,"Which schools offer instruction from the preschool level through grade 9 in the Los Angeles district, and what is the percentage (%) of eligible FRPM (ages 5-17)?",7.132791042327881,เปอร์เซ็นต์ (%) สามารถรับ FRPM ที่มีสิทธิ์ (อายุ 5-17 ปี) ได้โดย `จำนวน FRPM (อายุ 5-17)` / `การลงทะเบียน (อายุ 5-17 ปี)` * 100,The percentage (%) of eligible FRPM recipients (ages 5-17) is calculated as `Number of FRPM Recipients (ages 5-17)` / `Registrations (ages 5-17)` * 100.,8.43475890159607,moderate,"SELECT frpm.""Percent (%) Eligible FRPM (Ages 5-17)"", frpm.School Name FROM frpm WHERE frpm.District Name = 'Los Angeles' AND frpm.Low Grade = 'PK' AND frpm.High Grade = '09';","SELECT T2.School, T1.`FRPM Count (Ages 5-17)` * 100 / T1.`Enrollment (Ages 5-17)` FROM frpm AS T1 INNER JOIN schools AS T2 ON T1.CDSCode = T2.CDSCode WHERE T2.County = 'Los Angeles' AND T2.GSserved = 'K-9'",20.01 วินาที,20.008596897125244
78,ช่วงเกรดประเภทใดที่ใช้กันมากที่สุดในเมือง Adelanto?,What grade types are most frequently used in the city of Adelanto?,3.9248249530792236,,,-1,simple,SELECT School Type FROM frpm WHERE County Name = 'Adelanto' GROUP BY School Type ORDER BY COUNT(*) DESC LIMIT 1;,SELECT GSserved FROM schools WHERE City = 'Adelanto' GROUP BY GSserved ORDER BY COUNT(GSserved) DESC LIMIT 1,14.27 วินาที,14.2691969871521
79,ระหว่างซานดิเอโกและซานตาบาร์บารา เคาน์ตีใดมีโรงเรียนจำนวนมากที่สุดที่ไม่มีอาคารเรียน ระบุจำนวนเงิน,Which county between San Diego and Santa Barbara has the highest number of schools without permanent buildings? Specify the amount.,5.078758955001831,ไม่มีอาคารทางกายภาพ' หมายถึง Virtual = F ในฐานข้อมูล,"""No physical building"" means Virtual = F in the database.",2.8696393966674805,moderate,SELECT County FROM frpm WHERE `Educational Option Type` = 'Virtual' ORDER BY `School Code` DESC LIMIT 1;,"SELECT County, COUNT(Virtual) FROM schools WHERE (County = 'San Diego' OR County = 'Santa Barbara') AND Virtual = 'F' GROUP BY County ORDER BY COUNT(Virtual) DESC LIMIT 1",14.76 วินาที,14.761155128479004
80,โรงเรียนประเภทใดของโรงเรียนที่มีละติจูดสูงสุด? ระบุชื่อโรงเรียนและพิกัดละติจูด,What type of school has the highest latitude? Identify the school name and latitude coordinate.,4.338896751403809,,,-1,simple,"SELECT School, Latitude FROM frpm ORDER BY Latitude DESC LIMIT 1;","SELECT T1.`School Type`, T1.`School Name`, T2.Latitude FROM frpm AS T1 INNER JOIN schools AS T2 ON T1.CDSCode = T2.CDSCode ORDER BY T2.Latitude DESC LIMIT 1",13.00 วินาที,13.002191066741943
81,ในเมืองใดที่คุณจะพบโรงเรียนในรัฐแคลิฟอร์เนียซึ่งมีพิกัดละติจูดต่ำสุดและเกรดต่ำสุดคือเท่าไร ระบุชื่อโรงเรียน,In which city can you find a school in the state of California with the lowest latitude and lowest grade level? Identify the school’s name.,6.562134027481079,รัฐแคลิฟอร์เนีย หมายถึง รัฐ = 'CA',California state equates to state code = 'CA',2.5680840015411377,moderate,"SELECT School FROM schools WHERE State = 'CA' ORDER BY Latitude ASC, Low Grade ASC LIMIT 1;","SELECT T2.City, T1.`Low Grade`, T1.`School Name` FROM frpm AS T1 INNER JOIN schools AS T2 ON T1.CDSCode = T2.CDSCode WHERE T2.State = 'CA' ORDER BY T2.Latitude ASC LIMIT 1",14.11 วินาที,14.111582040786743
82,โรงเรียนที่มีลองจิจูดสูงสุดเปิดสอนช่วงเกรดเป็นเท่าใด,What grade levels are offered at the school with the highest longitude?,3.768948793411255,ลองจิจูดสูงสุดหมายถึงโรงเรียนที่มีค่าลองจิจูดสัมบูรณ์สูงสุด,Maximum longitude refers to schools with the highest absolute longitude value.,2.7685859203338623,simple,"SELECT Low Grade, High Grade FROM frpm ORDER BY Longitude DESC LIMIT 1;",SELECT GSoffered FROM schools ORDER BY ABS(longitude) DESC LIMIT 1,13.45 วินาที,13.452720880508423
83,ในบรรดาโรงเรียนที่เปิดสอนโปรแกรมแม่เหล็กที่เปิดสอนช่วงชั้นอนุบาลถึงชั้นประถมศึกษาปีที่ 8 มีโรงเรียนกี่แห่งที่เปิดสอนประเภทการเตรียมการหลายประเภท ระบุจำนวนเมืองที่เปิดสอนช่วงชั้นอนุบาลถึงชั้นประถมศึกษาปีที่ 8 และระบุว่ามีโรงเรียนกี่แห่งที่เปิดสอนช่วงระดับชั้นดังกล่าวสำหรับแต่ละเมือง,"Among schools offering magnetic programs for students from preschool through grade 8, how many offer multiple preparation types? Identify the number of cities offering programs for preschool through grade 8, and specify the number of schools offering programs for those grade levels in each city.",10.236374139785767,โรงเรียนอนุบาลถึงชั้นประถมศึกษาปีที่ 8 หมายถึง K-8; 'เสนอโปรแกรมแม่เหล็ก' หมายถึง Magnet = 1; การเตรียมการหลายประเภทอ้างอิงถึง `สถานะการเตรียมการ NSLP` = 'การเตรียมการหลายประเภท',School levels from nursery to grade 8 refer to K-8; 'Offer Magnet Program' means Magnet = 1; Multiple preparation types refer to `NSLP Preparation Status` = 'Multiple Preparation Types'.,7.662592887878418,challenging,"SELECT COUNT(DISTINCT City), SUM(CASE WHEN Virtual = 1 THEN 1 ELSE 0 END) FROM schools WHERE GSoffered = 'Y' AND Virtual = 1 AND (School LIKE '%K-8%' OR School LIKE '%K to 8%') GROUP BY City;","SELECT T2.City, COUNT(T2.CDSCode) FROM frpm AS T1 INNER JOIN schools AS T2 ON T1.CDSCode = T2.CDSCode WHERE T2.Magnet = 1 AND T2.GSoffered = 'K-8' AND T1.`NSLP Provision Status` = 'Multiple Provision Types' GROUP BY T2.City",21.15 วินาที,21.151610851287842
84,ชื่อ 2 ชื่อที่พบบ่อยที่สุดในหมู่ผู้บริหารโรงเรียนคืออะไร? ระบุเขตที่ตนบริหารจัดการอยู่,What are the two most common names among school administrators? Specify the district in which they administer.,4.635737180709839,,,-1,simple,"SELECT AdmFName1, District FROM schools ORDER BY AdmFName1 DESC LIMIT 2;","SELECT DISTINCT T1.AdmFName1, T1.District FROM schools AS T1 INNER JOIN ( SELECT admfname1 FROM schools GROUP BY admfname1 ORDER BY COUNT(admfname1) DESC LIMIT 2 ) AS T2 ON T1.AdmFName1 = T2.admfname1",13.58 วินาที,13.582010746002197
85,เปอร์เซ็นต์ (%) ที่มีสิทธิ์ฟรี (K-12) คืออะไรในโรงเรียนที่บริหารงานโดยผู้ดูแลระบบซึ่งมีชื่อแรกคืออลูซีน ระบุรหัสเขตของโรงเรียน,What is the percentage (%) eligible for free (K-12) in schools managed by custodians with a first name of Alucen? Provide the school district code.,7.258774995803833,เปอร์เซ็นต์ (%) ฟรีที่มีสิทธิ์ (K-12) = `จำนวนมื้ออาหารฟรี (K-12)` / `การลงทะเบียน (K-12)` * 100%,Percentage (%) Eligible for Free (K-12) = `Number of Free Meals (K-12)` / `Enrollment (K-12)` * 100%,7.21714186668396,moderate,SELECT T1.NCESDist FROM frpm AS T1 JOIN schools AS T2 ON T1.CDSCode = T2.CDSCode WHERE T2.AdmFName1 = 'Alucen';,"SELECT T1.`Free Meal Count (K-12)` * 100 / T1.`Enrollment (K-12)`, T1.`District Code` FROM frpm AS T1 INNER JOIN schools AS T2 ON T1.CDSCode = T2.CDSCode WHERE T2.AdmFName1 = 'Alusine'",18.03 วินาที,18.028306007385254
86,นามสกุลของผู้บริหารที่ดูแลโรงเรียนตามกฎบัตรหมายเลข 40 คืออะไร? ระบุเขต อำเภอที่โรงเรียนตั้งอยู่ และชื่อโรงเรียน,"What is the surname of the administrator responsible for the school according to charter number 40? Specify the district, sub-district, and school name.",6.504148006439209,,,-1,simple,"SELECT T1.District, T1.School, T1.School District, T1.AdmLName1 FROM schools AS T1 WHERE T1.Charter = 'Y' AND T1.CharterNum = 40;","SELECT AdmLName1, District, County, School FROM schools WHERE CharterNum = '0040'",18.14 วินาที,18.141459226608276
87,ที่อยู่อีเมลที่ถูกต้องของผู้ดูแลระบบของโรงเรียนที่ตั้งอยู่ในเขต San Bernardino เมือง San Bernardino City Unified ที่เปิดระหว่างวันที่ 1/1/2009 ถึง 31/12/2010 ซึ่งประเภทโรงเรียนเป็นโรงเรียนระดับกลาง/มัธยมต้นและโรงเรียนแบบรวมสาธารณะ,"The valid email address of the school administrator for a school located in the San Bernardino district, San Bernardino City Unified, operating between 01/01/2009 and 12/31/2010, with a school type of middle/junior high school and a public comprehensive school.",12.41252088546753,ระดับกลาง/ระดับมัธยมศึกษาตอนต้น หมายถึง SOC = 62; Unified School หมายถึง DOC = 54; ปีระหว่าง 2009 ถึง 2010 สามารถอ้างอิงถึง 'ระหว่าง 1/1/2009 ถึง 12/31/2010',Middle/Lower Secondary Education refers to SOC = 62; Unified School refers to DOC = 54; The period between 2009 and 2010 can be referenced as 'between 1/1/2009 and 12/31/2010'.,11.469584226608276,challenging,SELECT AdmEmail1 FROM schools WHERE District = 'San Bernardino City Unified' AND District LIKE '%San Bernardino%' AND OpenDate BETWEEN '2009-01-01' AND '2010-12-31' AND School LIKE '%Middle/Junior High%' AND School LIKE '%Public Comprehensive%';,"SELECT T2.AdmEmail1, T2.AdmEmail2 FROM frpm AS T1 INNER JOIN schools AS T2 ON T1.CDSCode = T2.CDSCode WHERE T2.County = 'San Bernardino' AND T2.City = 'San Bernardino' AND T2.DOC = 54 AND strftime('%Y', T2.OpenDate) BETWEEN '2009' AND '2010' AND T2.SOC = 62",22.65 วินาที,22.653975009918213
88,"ที่อยู่อีเมลของผู้ดูแลระบบสำหรับโรงเรียนที่มีจำนวนผู้สอบสูงสุดที่ได้รับคะแนน SAT อย่างน้อย 1,500 คืออะไร? ระบุชื่อโรงเรียน","What is the administrator's email address for schools with the highest number of students who received a SAT score of at least 1,500? Specify the school name.",7.1959898471832275,,,-1,simple,"SELECT T1.School, T1.AdmEmail1 FROM schools AS T1 JOIN satscores AS T2 ON T1.CDSCode = T2.cds WHERE T2.NumGE1500 = (SELECT MAX(NumGE1500) FROM satscores) LIMIT 1;","SELECT T2.AdmEmail1, T2.School FROM satscores AS T1 INNER JOIN schools AS T2 ON T1.cds = T2.CDSCode ORDER BY T1.NumGE1500 DESC LIMIT 1",20.48 วินาที,20.482115030288696
89,มีบัญชีกี่บัญชีที่เลือกออกหลังการทำธุรกรรมและอยู่ในภูมิภาคโบฮีเมียตะวันออก,How many accounts were selected for exclusion after a transaction and reside in the Moravian-Silesian Region?,5.061032056808472,A3 มีข้อมูลของภูมิภาค 'POPLATEK PO OBRATU' หมายถึง 'การออกหลังการทำธุรกรรม',"A3 contains data for the region 'POPLATEK PO OBRATU', which refers to 'post-transaction issuance'.",4.807728052139282,moderate,SELECT COUNT(DISTINCT T1.account_id) FROM trans AS T1 JOIN district AS T2 ON T2.district_id = T1.account_id WHERE T2.A3 = 'POPLATEK PO OBRATU' AND T2.district_id = 41;,SELECT COUNT(T2.account_id) FROM district AS T1 INNER JOIN account AS T2 ON T1.district_id = T2.district_id WHERE T1.A3 = 'east Bohemia' AND T2.frequency = 'POPLATEK PO OBRATU',17.93 วินาที,17.933069705963135
90,มีบัญชีกี่บัญชีที่มีภูมิภาคในกรุงปรากจึงมีสิทธิ์ได้รับสินเชื่อ,How many accounts with a region in Prague are eligible for a loan?,3.9381189346313477,A3 มีข้อมูลของภูมิภาค,A3 contains regional data.,1.8109281063079834,simple,SELECT COUNT(DISTINCT T1.account_id) FROM account AS T1 INNER JOIN client AS T2 ON T1.district_id = T2.district_id INNER JOIN district AS T3 ON T2.district_id = T3.district_id WHERE T3.A3 = 'Prague' AND T1.frequency = 'M';,SELECT COUNT(T1.account_id) FROM account AS T1 INNER JOIN loan AS T2 ON T1.account_id = T2.account_id INNER JOIN district AS T3 ON T1.district_id = T3.district_id WHERE T3.A3 = 'Prague',19.39 วินาที,19.388740062713623
91,อัตราการว่างงานเฉลี่ยปี 2538 และ 2539 ข้อใดมีเปอร์เซ็นต์สูงกว่า,Which of the average unemployment rates for the years 1995 and 1996 has a higher percentage?,5.556307315826416,A12 หมายถึงอัตราการว่างงานปี 1995 A13 หมายถึงอัตราการว่างงาน พ.ศ. 2539,A12 refers to the 1995 unemployment rate. A13 refers to the unemployment rate for the Buddhist Era 2539 (equivalent to 1996).,6.85113787651062,simple,"SELECT AVG(CASE WHEN A12 > A13 THEN 1 ELSE 0 END) AS higher_1995, AVG(CASE WHEN A13 > A12 THEN 1 ELSE 0 END) AS higher_1996 FROM district;","SELECT DISTINCT IIF(AVG(A13) > AVG(A12), '1996', '1995') FROM district",16.62 วินาที,16.62217688560486
92,"ออกรายการหมายเลข ของเขตที่มีเงินเดือนเฉลี่ยหญิงมากกว่า 6,000 แต่น้อยกว่า 10,000?","List the district identifiers where the average female salary is greater than 6,000 but less than 10,000?",6.11188006401062,A11 หมายถึงเงินเดือนโดยเฉลี่ย เพศหญิงแมปกับเพศ = 'F',A11 represents average salary. Gender maps to gender = 'F'.,3.1764700412750244,simple,SELECT DISTINCT A11 FROM district WHERE A11 > 6000 AND A11 < 10000 AND EXISTS (SELECT 1 FROM client WHERE client.district_id = district.district_id AND gender = 'F');,SELECT COUNT(DISTINCT T2.district_id)  FROM client AS T1 INNER JOIN district AS T2 ON T1.district_id = T2.district_id WHERE T1.gender = 'F' AND T2.A11 BETWEEN 6000 AND 10000,15.75 วินาที,15.752063989639282
93,"ลูกค้าชายที่อาศัยอยู่ในโบฮีเมียเหนือมีเงินเดือนเฉลี่ยมากกว่า 8,000 คนกี่คน?","How many male customers residing in Upper Bohemia have an average salary exceeding 8,000?",4.774066209793091,ชาย หมายถึง เพศ = 'M'; A3 หมายถึงภูมิภาค A11 หมายถึงเงินเดือนโดยเฉลี่ย,Male means 'M'; A3 means Region A11 means Average Salary,3.1956710815429688,moderate,SELECT COUNT(client_id) FROM client WHERE gender = 'M' AND district_id IN (SELECT district_id FROM district WHERE A3 > 8000);,SELECT COUNT(T1.client_id) FROM client AS T1 INNER JOIN district AS T2 ON T1.district_id = T2.district_id WHERE T1.gender = 'M' AND T2.A3 = 'north Bohemia' AND T2.A11 > 8000,13.70 วินาที,13.699671983718872
94,แสดงรายการหมายเลขบัญชีของลูกค้าหญิงที่มีอายุมากที่สุดและมีเงินเดือนเฉลี่ยต่ำสุด คำนวณช่องว่างระหว่างเงินเดือนเฉลี่ยต่ำสุดกับเงินเดือนเฉลี่ยสูงสุดหรือไม่,Display a list of customer account numbers for the oldest female customers with the lowest average salary. Calculate the difference between the lowest average salary and the highest average salary?,6.999130010604858,หญิงหมายถึงเพศ = 'F'; A11 หมายถึงเงินเดือนโดยเฉลี่ย Gap = เงินเดือนเฉลี่ยสูงสุด - เงินเดือนเฉลี่ยต่ำสุด ถ้าวันเกิดของบุคคล A > วันเกิดของ B หมายความว่าบุคคล B มีลำดับมากกว่าบุคคล A,"Female signifies gender = 'F'; A11 represents average salary; Gap = Maximum average salary - Minimum average salary. If the birthdate of person A > the birthdate of person B, it means person B has a higher rank than person A.",8.968040943145752,challenging,SELECT T1.account_id FROM client AS T1 JOIN disp AS T2 ON T1.client_id = T2.client_id JOIN account AS T3 ON T2.account_id = T3.account_id WHERE T1.gender = 'F' ORDER BY T1.birth_date ASC LIMIT 1;,"SELECT T1.account_id , ( SELECT MAX(A11) - MIN(A11) FROM district ) FROM account AS T1 INNER JOIN district AS T2 ON T1.district_id = T2.district_id INNER JOIN disp AS T3 ON T1.account_id = T3.account_id INNER JOIN client AS T4 ON T3.client_id = T4.client_id WHERE T2.district_id = ( SELECT district_id FROM client WHERE gender = 'F' ORDER BY birth_date ASC LIMIT 1 ) ORDER BY T2.A11 DESC LIMIT 1",19.53 วินาที,19.5250461101532
95,แสดงรายการหมายเลขบัญชีของลูกค้าที่อายุน้อยที่สุดและมีเงินเดือนเฉลี่ยสูงสุด?,Display a listing of customer account numbers for the youngest customer with the highest average salary?,4.346220970153809,หากวันเกิดของบุคคล A < วันเกิดของ B หมายความว่าบุคคล B มีอายุน้อยกว่าบุคคล A; A11 หมายถึงเงินเดือนโดยเฉลี่ย,"If the birthdate of person A < the birthdate of person B, it means person B is younger than person A; A11 refers to the average salary.",6.411858797073364,moderate,SELECT T1.account_id FROM client AS T1 JOIN disp AS T2 ON T1.client_id = T2.client_id JOIN district AS T3 ON T1.district_id = T3.district_id ORDER BY T1.birth_date ASC LIMIT 20 OFFSET 19;,"SELECT T1.account_id  FROM account AS T1 INNER JOIN disp AS T2 ON T1.account_id = T2.account_id INNER JOIN client AS T3 ON T2.client_id = T3.client_id INNER JOIN district AS T4 on T4.district_id = T1.district_id WHERE T2.client_id = ( SELECT client_id FROM client ORDER BY birth_date DESC LIMIT 1) GROUP BY T4.A11, T1.account_id",18.59 วินาที,18.587677001953125
96,มีลูกค้ากี่รายที่เลือกใบแจ้งยอดการออกรายสัปดาห์เป็นเจ้าของ,How many customers have selected weekly statements?,3.015737771987915,POPLATEK TYDNE' ย่อมาจากการออกรายสัปดาห์,POPLATEK TYDNE' refers to weekly output.,2.7423529624938965,simple,SELECT COUNT(DISTINCT client_id) FROM disp WHERE account_id IN (SELECT account_id FROM account WHERE frequency = 'weekly');,SELECT COUNT(T1.account_id) FROM account AS T1 INNER JOIN disp AS T2 ON T1.account_id = T2.account_id WHERE T2.type = 'OWNER' AND T1.frequency = 'POPLATEK TYDNE',11.76 วินาที,11.763120889663696
97,แสดงรายการหมายเลขประจำตัวของลูกค้าที่เลือกใบแจ้งยอดการออกหลังการทำธุรกรรมเป็น Disponent?,Does the list display customer identification numbers for statements generated post-transaction as Disponent?,4.338288068771362,POPLATEK PO OBRATU' ย่อมาจากการออกหลังการทำธุรกรรม,POPLATEK PO OBRATU' originates from post-transaction issuance.,3.3574390411376953,simple,SELECT DISTINCT T1.client_id FROM disp AS T1 JOIN trans AS T2 ON T1.account_id = T2.account_id WHERE T1.type = 'Disponent' AND T2.operation = 'POPLATEK PO OBRATU';,SELECT T2.client_id FROM account AS T1 INNER JOIN disp AS T2 ON T1.account_id = T2.account_id WHERE T1.frequency = 'POPLATEK PO OBRATU' AND T2.type = 'DISPONENT',17.21 วินาที,17.20862913131714
98,ในบรรดาบัญชีที่ได้รับอนุมัติวันที่กู้ยืมในปี 1997 ให้ระบุบัญชีที่มีจำนวนเงินอนุมัติต่ำสุดและเลือกใบแจ้งยอดการออกรายสัปดาห์,"Among the approved accounts with disbursement dates in 1997, identify the account with the lowest approved amount and select the weekly statement.",6.405352830886841,POPLATEK TYDNE' ย่อมาจากการออกรายสัปดาห์,POPLATEK TYDNE' refers to weekly output.,2.74035906791687,moderate,"SELECT T1.account_id FROM disp AS T1 JOIN account AS T2 ON T1.account_id = T2.account_id WHERE T1.type = 'approved' AND STRFTIME('%Y', T1.issued) = '1997' ORDER BY T1.amount LIMIT 1;","SELECT T2.account_id FROM loan AS T1 INNER JOIN account AS T2 ON T1.account_id = T2.account_id WHERE STRFTIME('%Y', T1.date) = '1997' AND T2.frequency = 'POPLATEK TYDNE' ORDER BY T1.amount LIMIT 1",18.80 วินาที,18.803842067718506
99,ในบรรดาบัญชีที่มีอายุสินเชื่อมากกว่า 12 เดือน ให้ระบุบัญชีที่มีวงเงินอนุมัติสูงสุดและมีวันเปิดบัญชีในปี 2536,"From among accounts with loan tenures exceeding 12 months, identify the accounts with the highest approved credit limits and account opening dates in 1996.",6.729657888412476,ความถูกต้องของสินเชื่อมากกว่า 12 เดือนหมายถึงระยะเวลา> 12,Loan accuracy for periods exceeding 12 months indicates a duration greater than 12.,3.630295991897583,moderate,SELECT account_id FROM loan WHERE duration > 12 AND account_id IN (SELECT account_id FROM account WHERE date LIKE '1996%') ORDER BY amount DESC LIMIT 10;,"SELECT T1.account_id FROM loan AS T1 INNER JOIN account AS T2 ON T1.account_id = T2.account_id WHERE STRFTIME('%Y', T2.date) = '1993' AND T1.duration > 12 ORDER BY T1.amount DESC LIMIT 1",14.87 วินาที,14.870354175567627
