question_num,question,generation_time_formatted,generation_time_seconds
1,เรามีนักร้องกี่คน?,24.05 วินาที,24.047260761260986
2,นักร้องทั้งหมดกี่คนคะ?,1.83 วินาที,1.8295488357543945
3,แสดงชื่อ ประเทศ อายุของนักร้องทุกคน เรียงตามอายุจากอายุมากที่สุดไปอายุน้อยที่สุด,2.75 วินาที,2.745426893234253
4,ชื่อ ประเทศ และอายุของนักร้องทุกคนเรียงตามอายุจากมากไปน้อยคืออะไร?,2.66 วินาที,2.661720037460327
5,อายุเฉลี่ย ขั้นต่ำ และสูงสุดของนักร้องทุกคนจากฝรั่งเศสคือเท่าใด,4.04 วินาที,4.035728931427002
6,อายุเฉลี่ย ขั้นต่ำ และสูงสุดสำหรับนักร้องชาวฝรั่งเศสคือเท่าใด,4.01 วินาที,4.01474404335022
7,แสดงชื่อและปีที่ออกเพลงโดยนักร้องอายุน้อยที่สุด,3.30 วินาที,3.2994110584259033
8,ชื่อและปีที่วางจำหน่ายของเพลงทั้งหมดของนักร้องอายุน้อยที่สุดคืออะไร?,8.42 วินาที,8.419477939605713
9,นักร้องอายุ 20 ปีขึ้นไปมาจากประเทศใดบ้าง,2.58 วินาที,2.583866834640503
10,ประเทศใดบ้างที่มีนักร้องอายุมากกว่า 20 ปี?,2.66 วินาที,2.658642053604126
11,แสดงทุกประเทศและจำนวนนักร้องในแต่ละประเทศ,2.39 วินาที,2.3895998001098633
12,แต่ละประเทศมีนักร้องกี่คน?,2.68 วินาที,2.6793110370635986
13,รายชื่อเพลงทั้งหมดโดยนักร้องที่อายุเกินเกณฑ์เฉลี่ย,3.72 วินาที,3.717485189437866
14,ชื่อเพลงของนักร้องที่มีอายุมากกว่าค่าเฉลี่ยคืออะไร?,4.86 วินาที,4.857508897781372
15,"แสดงที่ตั้งและชื่อสนามกีฬาทั้งหมดที่มีความจุระหว่าง 5,000 ถึง 10,000 ที่นั่ง",4.51 วินาที,4.514985084533691
16,"ที่ตั้งและชื่อของสถานีทั้งหมดที่มีความจุระหว่าง 5,000 ถึง 10,000 คือที่ใด",4.40 วินาที,4.403779029846191
17,ความจุสูงสุดและค่าเฉลี่ยของสนามทั้งหมดคือเท่าใด ?,1.94 วินาที,1.940901756286621
18,ความจุโดยเฉลี่ยและสูงสุดสำหรับสนามกีฬาทั้งหมดคือเท่าใด ?,2.76 วินาที,2.7576351165771484
19,ชื่อและความจุของสนามกีฬาที่มีผู้เข้าชมเฉลี่ยสูงสุดคืออะไร?,2.95 วินาที,2.9469470977783203
20,ชื่อและความจุของสนามกีฬาที่มีผู้เข้าชมเฉลี่ยสูงสุดคือเท่าใด?,2.86 วินาที,2.8616321086883545
21,ในปี 2557 หรือ 2558 มีคอนเสิร์ตกี่ครั้ง?,4.21 วินาที,4.207422971725464
22,มีคอนเสิร์ตกี่ครั้งในปี 2014 หรือ 2015?,3.94 วินาที,3.9392497539520264
23,แสดงชื่อสนามและจำนวนคอนเสิร์ตในแต่ละสนาม,7.90 วินาที,7.89805006980896
24,แต่ละสนามมีคอนเสิร์ตกี่รอบ?,3.65 วินาที,3.648944139480591
25,แสดงชื่อสนามกีฬาและความจุที่มีจำนวนคอนเสิร์ตมากที่สุดในปี 2557 เป็นต้นไป,11.23 วินาที,11.230377912521362
26,ชื่อและความจุของสนามกีฬาที่มีคอนเสิร์ตมากที่สุดหลังปี 2013 คืออะไร?,8.08 วินาที,8.079926013946533
27,ปีไหนมีคอนเสิร์ตมากที่สุด?,3.05 วินาที,3.0461111068725586
28,ปีไหนมีคอนเสิร์ตมากที่สุด?,2.41 วินาที,2.406790256500244
29,แสดงชื่อสนามโดยไม่มีคอนเสิร์ตใดๆ,3.47 วินาที,3.4693360328674316
30,สนามกีฬาที่ไม่มีคอนเสิร์ตชื่ออะไร?,3.48 วินาที,3.4769771099090576
31,แสดงประเทศที่มีนักร้องอายุมากกว่า 40 ปี และนักร้องอายุต่ำกว่า 30 ปี มาจาก,3.82 วินาที,3.8215291500091553
32,แสดงชื่อสนามกีฬาทุกแห่ง ยกเว้นสนามกีฬาที่มีการจัดคอนเสิร์ตในปี 2557,4.96 วินาที,4.96356201171875
33,สนามกีฬาทั้งหมดที่ไม่มีคอนเสิร์ตในปี 2014 ชื่ออะไร,4.61 วินาที,4.609766960144043
34,แสดงชื่อและธีมคอนเสิร์ตทั้งหมด และจำนวนนักร้องในแต่ละคอนเสิร์ต,8.71 วินาที,8.710527896881104
35,ชื่อ ธีม และจำนวนนักร้องในแต่ละคอนเสิร์ตมีอะไรบ้าง?,8.70 วินาที,8.704437971115112
36,รายชื่อนักร้องและจำนวนคอนเสิร์ตของนักร้องแต่ละคน,9.79 วินาที,9.790151119232178
37,นักร้องชื่ออะไร และจำนวนคอนเสิร์ตของแต่ละคนมีอะไรบ้าง?,8.10 วินาที,8.101722955703735
38,รายชื่อนักร้องทั้งหมดในคอนเสิร์ตปี 2557,9.81 วินาที,9.809979915618896
39,นักร้องที่แสดงในคอนเสิร์ตในปี 2557 ชื่ออะไร?,9.71 วินาที,9.711323022842407
40,ชื่อและสัญชาติของนักร้องที่มีเพลงว่า 'เฮ้' อยู่ในชื่ออะไร?,3.06 วินาที,3.0647189617156982
41,ชื่อและประเทศต้นกำเนิดของนักร้องทุกคนที่มีเพลงที่มีคำว่า 'เฮ้' อยู่ในชื่อคืออะไร?,3.46 วินาที,3.458913803100586
42,ค้นหาชื่อและที่ตั้งของสนามกีฬาที่มีคอนเสิร์ตบางแห่งเกิดขึ้นในปี 2014 และ 2015,8.74 วินาที,8.742258071899414
43,ชื่อและที่ตั้งของสนามกีฬาที่มีคอนเสิร์ตในปี 2014 และ 2015 คืออะไร?,8.60 วินาที,8.603009939193726
44,ค้นหาจำนวนคอนเสิร์ตที่เกิดขึ้นในสนามกีฬาที่มีความจุสูงสุด,5.03 วินาที,5.028879165649414
45,คอนเสิร์ตที่เกิดขึ้นในสนามกีฬาที่มีความจุมากที่สุดคือจำนวนเท่าใด ?,5.00 วินาที,4.995743036270142
46,จงหาจำนวนสัตว์เลี้ยงที่มีน้ำหนักมากกว่า 10,3.27 วินาที,3.274651288986206
47,มีสัตว์เลี้ยงกี่ตัวที่มีน้ำหนักมากกว่า 10?,2.46 วินาที,2.45650315284729
48,ค้นหาน้ำหนักของสุนัขที่อายุน้อยที่สุด,2.86 วินาที,2.8637161254882812
49,สุนัขที่อายุน้อยที่สุดมีน้ำหนักเท่าไหร่?,2.88 วินาที,2.8824501037597656
50,ค้นหาน้ำหนักสูงสุดสำหรับสัตว์เลี้ยงแต่ละประเภท ระบุน้ำหนักสูงสุดและประเภทสัตว์เลี้ยง,2.74 วินาที,2.7396790981292725
51,ระบุน้ำหนักและประเภทสูงสุดสำหรับสัตว์เลี้ยงแต่ละประเภท,2.73 วินาที,2.728148937225342
52,ค้นหาจำนวนสัตว์เลี้ยงของนักเรียนที่มีอายุมากกว่า 20 ปี,4.82 วินาที,4.822761058807373
53,นักเรียนที่มีอายุมากกว่า 20 ปีมีสัตว์เลี้ยงกี่ตัว?,7.44 วินาที,7.441591024398804
54,จงหาจำนวนสุนัขที่นักเรียนหญิงเลี้ยงไว้ (เพศ F),10.52 วินาที,10.516030073165894
55,นักเรียนหญิงเลี้ยงสุนัขได้กี่ตัว?,8.73 วินาที,8.728262901306152
56,ค้นหาจำนวนสัตว์เลี้ยงประเภทต่างๆ,2.64 วินาที,2.6430180072784424
57,สัตว์เลี้ยงมีกี่ประเภท?,1.76 วินาที,1.7554388046264648
58,ค้นหาชื่อนักเรียนที่มีสัตว์เลี้ยงแมวหรือสุนัข,8.83 วินาที,8.830929040908813
59,นักเรียนทุกคนที่มีแมวหรือสุนัขเป็นสัตว์เลี้ยงชื่ออะไร,6.49 วินาที,6.489277124404907
60,ค้นหาชื่อนักเรียนที่มีทั้งสัตว์เลี้ยงแมวและสุนัข,14.70 วินาที,14.700978994369507
61,ชื่อของนักเรียนที่มีทั้งแมวและสุนัขเป็นสัตว์เลี้ยงคืออะไร?,14.08 วินาที,14.08334493637085
62,ค้นหาสาขาวิชาและอายุของนักเรียนที่ไม่มีสัตว์เลี้ยงแมว,6.53 วินาที,6.529285907745361
63,นักเรียนทุกคนที่ไม่มีแมวเป็นสัตว์เลี้ยงสาขาวิชาเอกคืออะไร และพวกเขาอายุเท่าไหร่ด้วย?,6.74 วินาที,6.7416040897369385
64,ค้นหารหัสนักเรียนที่ไม่มีสัตว์เลี้ยงแมว,5.82 วินาที,5.819409132003784
65,รหัสของนักเรียนที่ไม่เลี้ยงแมวมีรหัสอะไรบ้าง?,5.10 วินาที,5.10201096534729
66,ค้นหาชื่อและอายุของนักเรียนที่มีสุนัขแต่ไม่มีแมวเป็นสัตว์เลี้ยง,11.78 วินาที,11.783056735992432
67,นักเรียนทุกคนที่มีสุนัขแต่ไม่มีแมวชื่ออะไร,14.35 วินาที,14.35237717628479
68,ค้นหาประเภทและน้ำหนักของสัตว์เลี้ยงที่อายุน้อยที่สุด,4.13 วินาที,4.1302173137664795
69,สัตว์เลี้ยงประเภทใดเป็นสัตว์ที่อายุน้อยที่สุด และมีน้ำหนักเท่าไหร่?,3.71 วินาที,3.7079269886016846
70,ค้นหารหัสและน้ำหนักของสัตว์เลี้ยงทุกตัวที่มีอายุมากกว่า 1 ปี,2.90 วินาที,2.9014248847961426
71,รหัสและน้ำหนักของสัตว์เลี้ยงทุกตัวที่มีอายุมากกว่า 1 ปีคือเท่าไร?,2.89 วินาที,2.886510133743286
72,ค้นหาอายุเฉลี่ยและอายุสูงสุดสำหรับสัตว์เลี้ยงแต่ละประเภท,6.63 วินาที,6.628131866455078
73,สัตว์เลี้ยงแต่ละประเภทอายุเฉลี่ยและสูงสุดคือเท่าไร?,4.12 วินาที,4.124276161193848
74,ค้นหาน้ำหนักเฉลี่ยของสัตว์เลี้ยงแต่ละประเภท,2.47 วินาที,2.473067045211792
75,น้ำหนักเฉลี่ยของสัตว์เลี้ยงแต่ละประเภทคือเท่าไร?,2.47 วินาที,2.467272996902466
76,ค้นหาชื่อและอายุของนักเรียนที่มีสัตว์เลี้ยง,3.70 วินาที,3.703936815261841
77,ชื่อและอายุของนักเรียนที่มีสัตว์เลี้ยงแตกต่างกันอย่างไร,4.29 วินาที,4.288533926010132
78,ค้นหารหัสสัตว์เลี้ยงของนักเรียนที่มีนามสกุล 'Smith',4.27 วินาที,4.269438028335571
79,รหัสของสัตว์เลี้ยงของนักเรียนที่มีนามสกุล 'สมิธ' คืออะไร?,4.25 วินาที,4.250868320465088
80,ค้นหาจำนวนสัตว์เลี้ยงของนักเรียนแต่ละคนที่มีสัตว์เลี้ยงและรหัสนักเรียน,2.88 วินาที,2.8806469440460205
81,สำหรับนักเรียนที่มีสัตว์เลี้ยง นักเรียนแต่ละคนมีสัตว์เลี้ยงกี่ตัว ? แสดงรายการรหัสแทนชื่อ,3.75 วินาที,3.7506213188171387
82,ค้นหาชื่อและเพศของนักเรียนที่มีสัตว์เลี้ยงมากกว่าหนึ่งตัว,5.52 วินาที,5.523847818374634
83,ชื่อและเพศของนักเรียนทุกคนที่มีสัตว์เลี้ยงมากกว่าหนึ่งตัวคืออะไร?,5.51 วินาที,5.507789134979248
84,ค้นหานามสกุลของนักเรียนที่มีแมวอายุ 3 ปี,6.65 วินาที,6.654892206192017
85,นามสกุลของนักเรียนที่มีแมวอายุ 3 ปีคืออะไร?,6.64 วินาที,6.642736911773682
86,จงหาอายุเฉลี่ยของนักเรียนที่ไม่มีสัตว์เลี้ยง,5.92 วินาที,5.92480993270874
87,อายุเฉลี่ยของนักเรียนทุกคนที่ไม่มีสัตว์เลี้ยงคือเท่าไร ?,3.88 วินาที,3.8818631172180176
88,มีกี่ทวีป?,3.31 วินาที,3.3112218379974365
89,มีจำนวนทวีปเท่าไร?,1.67 วินาที,1.6666009426116943
90,แต่ละทวีปมีกี่ประเทศ? ระบุรหัสทวีป ชื่อทวีป และจำนวนประเทศ,7.73 วินาที,7.732546091079712
91,สำหรับแต่ละทวีป ให้ระบุรหัส ชื่อ และจำนวนประเทศที่มีอยู่,8.18 วินาที,8.180063962936401
92,มีรายชื่อกี่ประเทศ?,1.65 วินาที,1.6521480083465576
93,มีกี่ประเทศ?,1.65 วินาที,1.6464147567749023
94,ผู้ผลิตรถยนต์แต่ละรายผลิตรถยนต์ได้กี่รุ่น? ผู้สร้างรายการชื่อเต็ม ID และหมายเลข,7.68 วินาที,7.681398153305054
95,ผู้ผลิตรถยนต์แต่ละรายชื่อเต็มว่าอะไร พร้อมด้วยรหัส และผลิตรถยนต์จำนวนกี่รุ่น,6.07 วินาที,6.068196773529053
96,รถรุ่นไหนมีแรงม้าขั้นต่ำ?,4.00 วินาที,3.997863292694092
97,รถรุ่นอะไรที่มีแรงม้าน้อยที่สุดคือรุ่นอะไรครับ?,4.01 วินาที,4.009054899215698
98,ค้นหารุ่นรถที่มีน้ำหนักต่ำกว่าน้ำหนักเฉลี่ย,3.76 วินาที,3.7631239891052246
99,รถที่มีน้ำหนักน้อยกว่าค่าเฉลี่ยคือรุ่นอะไร?,6.10 วินาที,6.103015899658203
100,หาชื่อผู้ผลิตที่ผลิตรถยนต์บางคันในปี 1970 บ้างไหม?,10.31 วินาที,10.310972213745117
101,ผู้ผลิตรถยนต์รายต่างๆ ที่ผลิตรถยนต์ในปี 1970 ชื่ออะไร,6.91 วินาที,6.9112708568573
102,ค้นหายี่ห้อและเวลาการผลิตของรถยนต์ที่ผลิตในปีแรกสุดหรือไม่?,3.86 วินาที,3.864253044128418
103,รถคาร์ที่ผลิตในปีแรกสุดคือผู้ผลิตอะไร และปีไหน?,4.82 วินาที,4.824074029922485
104,รถยนต์รุ่นใดบ้างที่ผลิตหลังปี 1980?,4.42 วินาที,4.418880939483643
105,การ์ดที่ผลิตหลังปี 1980 มีรุ่นอะไรบ้าง?,5.69 วินาที,5.686677694320679
106,แต่ละทวีปมีผู้ผลิตรถยนต์กี่ราย? ระบุชื่อทวีปและจำนวน,7.92 วินาที,7.9248130321502686
107,แต่ละทวีปชื่ออะไร และแต่ละทวีปมีผู้ผลิตรถยนต์กี่ราย?,8.34 วินาที,8.336638927459717
108,ประเทศใดมีผู้ผลิตรถยนต์มากที่สุด? รายชื่อประเทศ.,4.66 วินาที,4.662658214569092
109,ประเทศที่มีผู้ผลิตรถยนต์มากที่สุดชื่ออะไร?,4.59 วินาที,4.586068868637085
110,แต่ละผู้ผลิตผลิตรถยนต์ได้กี่รุ่น ? ระบุเฉพาะจำนวนและชื่อเต็มของผู้สร้างเท่านั้น,3.02 วินาที,3.024434804916382
111,แต่ละค่ายผลิตรถยนต์จำนวนกี่รุ่น และรหัสและชื่อเต็มของแต่ละค่ายคือเท่าไร?,8.90 วินาที,8.895010948181152
112,รถยี่ห้อ amc Hornet sportabout (sw) มีอัตราเร่งเท่าไร?,4.44 วินาที,4.436210870742798
113,รถที่ทำให้ amc Hornet sportabout (sw) มีอัตราเร่งเท่าไร?,4.28 วินาที,4.281554937362671
114,ฝรั่งเศสมีผู้ผลิตรถยนต์กี่ราย?,3.31 วินาที,3.3149020671844482
115,จำนวนผู้ผลิตการดูแลในฝรั่งเศสคือเท่าไร?,2.75 วินาที,2.7494170665740967
116,รถยนต์ที่ผลิตในอเมริกามีกี่รุ่น?,4.47 วินาที,4.473838806152344
117,รถยนต์ที่ผลิตในอเมริกามีกี่รุ่น?,3.76 วินาที,3.7586309909820557
118,รถ 4 สูบใช้ระยะทางเฉลี่ยต่อแกลลอน (mpg) เท่าไร?,3.31 วินาที,3.3138198852539062
119,อัตราไมล์เฉลี่ยต่อแกลลอนของการ์ดทั้งหมดที่มี 4 สูบคือเท่าไร?,3.86 วินาที,3.8635871410369873
120,รถ 8 สูบที่มีน้ำหนักน้อยที่สุดในปี 1974 คือเท่าใด?,4.69 วินาที,4.694470167160034
121,รถ 8 สูบที่ผลิตในปี 1974 มีน้ำหนักขั้นต่ำเท่าไหร่?,4.67 วินาที,4.66709303855896
122,ผู้ผลิตและรุ่นทั้งหมดมีอะไรบ้าง?,2.47 วินาที,2.4738941192626953
123,มีผู้ผลิตและรุ่นอะไรบ้าง?,2.29 วินาที,2.2904319763183594
124,ประเทศใดบ้างที่มีผู้ผลิตรถยนต์อย่างน้อยหนึ่งราย ชื่อรายการและรหัส,5.44 วินาที,5.4365129470825195
125,ชื่อและรหัสของทุกประเทศที่มีผู้ผลิตรถยนต์อย่างน้อยหนึ่งรายคืออะไร,3.75 วินาที,3.7453248500823975
126,รถที่มีแรงม้าเกิน 150 มีกี่คัน?,3.02 วินาที,3.015366792678833
127,รถยนต์ที่มีแรงม้าเกิน 150 มีกี่คัน?,3.05 วินาที,3.0548558235168457
128,น้ำหนักเฉลี่ยของรถยนต์ในแต่ละปีคือเท่าไร?,2.62 วินาที,2.622490167617798
129,น้ำหนักเฉลี่ยและปีต่อปีคือเท่าไร?,2.74 วินาที,2.7366089820861816
130,ประเทศใดในยุโรปที่มีผู้ผลิตรถยนต์อย่างน้อย 3 ราย,7.75 วินาที,7.750926971435547
131,ประเทศในยุโรปทั้งหมดที่มีผู้ผลิตอย่างน้อย 3 รายชื่ออะไร,8.72 วินาที,8.718987226486206
132,แรงม้าสูงสุดและยี่ห้อของรถยนต์รุ่น 3 สูบคือเท่าไร?,3.73 วินาที,3.733376979827881
133,แรงม้าสูงสุดสำหรับรุ่น 3 สูบ คือเท่าไร และยี่ห้ออะไร?,4.15 วินาที,4.146553039550781
134,รุ่นไหนประหยัดน้ำมันมากที่สุด? กล่าวคือ มีไมล์สูงสุดต่อแกลลอน,2.76 วินาที,2.7629759311676025
135,รถรุ่นอะไร MPG สูงที่สุด ?,3.84 วินาที,3.8420569896698
136,แรงม้าเฉลี่ยของรถยนต์ก่อนปี 1980 เป็นเท่าใด?,3.57 วินาที,3.5736870765686035
137,แรงม้าเฉลี่ยของรถยนต์ทุกคันที่ผลิตก่อนปี 1980 เป็นเท่าใด ?,3.60 วินาที,3.595876693725586
138,ค่าเฉลี่ยของรถยนต์รุ่น volvo คือเท่าไร?,3.17 วินาที,3.1708250045776367
139,ราคาเฉลี่ยของวอลโว่ทุกรุ่นคือเท่าไร?,3.18 วินาที,3.179311752319336
140,อัตราเร่งสูงสุดสำหรับจำนวนกระบอกสูบต่างกันคือเท่าใด,2.91 วินาที,2.9127590656280518
141,อัตราเร่งสูงสุดสำหรับกระบอกสูบต่างๆ ทั้งหมดคือเท่าใด?,2.85 วินาที,2.8529059886932373
142,รถยนต์รุ่นใดมีรุ่น(ยี่ห้อ) มากที่สุด?,3.33 วินาที,3.3289990425109863
143,รุ่นใดมีรุ่นที่แตกต่างกันมากที่สุด?,3.32 วินาที,3.3217127323150635
144,มีรถกี่คันที่มีมากกว่า 4 สูบ?,2.75 วินาที,2.7511258125305176
145,รถที่มีมากกว่า 4 สูบมีกี่คัน?,2.80 วินาที,2.8037338256835938
146,มีรถยนต์กี่คันที่ผลิตในปี 1980?,3.03 วินาที,3.0334200859069824
147,ในปี 1980 มีการผลิตรถยนต์จำนวนกี่คัน?,3.06 วินาที,3.05521297454834
148,ผู้ผลิตรถยนต์ที่มีชื่อเต็มว่า American Motor Company ผลิตรถยนต์ได้กี่รุ่น?,4.95 วินาที,4.947812080383301
149,ผู้ผลิตรถยนต์ American Motor Company ผลิตรถยนต์จำนวนเท่าใด,3.58 วินาที,3.5759618282318115
150,ผู้ผลิตรายไหนออกแบบรถมากกว่า 3 รุ่น? รายชื่อเต็มและรหัส,5.88 วินาที,5.878835201263428
151,ชื่อและรหัสของผู้ผลิตทั้งหมดที่มีมากกว่า 3 รุ่นคืออะไร?,5.64 วินาที,5.6355578899383545
152,"รุ่นที่โดดเด่นใดบ้างที่ผลิตโดยผู้ผลิตที่มีชื่อเต็มว่า General Motors หรือมีน้ำหนักมากกว่า 3,500?",10.16 วินาที,10.15796685218811
153,"อะไรคือรุ่นที่แตกต่างกันที่สร้างโดยผู้ผลิตรถยนต์ General Motors หรือมีน้ำหนักมากกว่า 3,500?",17.67 วินาที,17.665340185165405
154,"ในปีใดมีการผลิตรถยนต์ที่มีน้ำหนักไม่ต่ำกว่า 3,000 คัน และไม่เกิน 4,000 คัน ?",4.31 วินาที,4.307353973388672
155,"ปีใดบ้างที่มีรถยนต์ที่ผลิตซึ่งมีน้ำหนักน้อยกว่า 4,000 คัน และรถยนต์ที่มีน้ำหนักมากกว่า 3,000 คันด้วย?",4.48 วินาที,4.482233762741089
156,แรงม้าของรถที่มีอัตราเร่งสูงสุดคือเท่าไหร่?,3.03 วินาที,3.0348448753356934
157,แรงม้าของรถที่มีอัตราเร่งสูงสุดเป็นเท่าใด?,3.00 วินาที,3.0016181468963623
158,สำหรับรุ่นวอลโว่ รถที่มีอัตราเร่งน้อยที่สุดมีกี่กระบอกสูบ?,4.25 วินาที,4.249760150909424
159,สำหรับรุ่นวอลโว่ รุ่นที่มีอัตราเร่งน้อยที่สุดมีกี่กระบอกสูบ?,3.88 วินาที,3.8773367404937744
160,มีรถยนต์กี่คันที่มีอัตราเร่งมากกว่ารถที่มีแรงม้ามากที่สุด?,4.16 วินาที,4.1565258502960205
161,รถที่มีอัตราเร่งมากกว่ารถที่มีแรงม้าสูงสุดมีกี่คัน?,4.56 วินาที,4.562304973602295
162,มีกี่ประเทศที่มีผู้ผลิตรถยนต์มากกว่า 2 ราย?,5.17 วินาที,5.171828985214233
163,จำนวนประเทศที่มีผู้ผลิตรถยนต์มากกว่า 2 รายคือเท่าใด,3.73 วินาที,3.727362871170044
164,มีรถกี่คันที่มีมากกว่า 6 สูบ?,2.77 วินาที,2.7665858268737793
165,จำนวนรถยนต์ที่มีมากกว่า 6 สูบเป็นเท่าใด?,3.05 วินาที,3.0540971755981445
166,สำหรับรถยนต์ที่มี 4 สูบ รุ่นไหนมีแรงม้ามากที่สุด?,7.74 วินาที,7.742768049240112
167,สำหรับรถยนต์ 4 สูบทั้งหมด รุ่นไหนมีแรงม้ามากที่สุด?,7.59 วินาที,7.586966037750244
168,ในบรรดารถที่มีแรงม้ามากกว่าต่ำสุด คันไหนมีไม่เกิน 3 สูบ? ระบุยี่ห้อรถและชื่อ,10.43 วินาที,10.425434827804565
169,ในบรรดารถที่ไม่มีแรงม้าขั้นต่ำ มียี่ห้อและชื่อรถที่มีเครื่องยนต์น้อยกว่า 4 สูบอะไรบ้าง ?,8.86 วินาที,8.85817003250122
170,รถ 8 สูบ หรือผลิตก่อนปี 1980 วิ่งได้กี่ไมล์ต่อแกลลอน ?,4.69 วินาที,4.693688869476318
171,mpg สูงสุดของรถยนต์ที่มี 8 กระบอกสูบหรือที่ผลิตก่อนปี 1980 คือเท่าใด,4.67 วินาที,4.668997049331665
172,รุ่นไหนเบากว่า 3500 แต่ไม่ได้สร้างโดย 'บริษัท Ford Motor'?,8.89 วินาที,8.89477801322937
173,รุ่นต่างๆ ที่เบากว่า 3500 แต่ไม่ได้ผลิตโดย Ford Motor Company มีอะไรบ้าง,8.96 วินาที,8.955682039260864
174,ประเทศที่ไม่มีผู้ผลิตรถยนต์รายเดียวชื่ออะไร?,3.44 วินาที,3.4427530765533447
175,ประเทศที่ไม่มีผู้ผลิตรถยนต์ชื่ออะไร,3.71 วินาที,3.712584972381592
176,ผู้ผลิตรถยนต์รายใดที่ผลิตรถยนต์อย่างน้อย 2 รุ่นและมากกว่า 3 ผู้ผลิตรถยนต์คือบริษัทใด ? ระบุ id และผู้สร้าง,10.40 วินาที,10.396753787994385
177,รหัสและผู้ผลิตของผู้ผลิตรถยนต์ทั้งหมดที่ผลิตอย่างน้อย 2 รุ่นและผลิตรถยนต์มากกว่า 3 คันคืออะไร,8.37 วินาที,8.37178373336792
178,ID และชื่อของประเทศที่มีผู้ผลิตรถยนต์มากกว่า 3 รายหรือผลิตรุ่น 'Fiat' คืออะไร?,8.72 วินาที,8.721122026443481
179,รหัสและชื่อของทุกประเทศที่มีผู้ผลิตรถยนต์มากกว่า 3 รายหรือผลิตรุ่น fiat คืออะไร,7.46 วินาที,7.455002069473267
180,"สายการบิน ""เจ็ทบลูแอร์เวย์"" อยู่ในประเทศใด?",4.42 วินาที,4.417317152023315
181,Jetblue Airways อยู่ในเครือของประเทศใด?,2.65 วินาที,2.650536060333252
182,สายการบิน JetBlue Airways อักษรย่อว่าอะไร?,2.75 วินาที,2.7498278617858887
183,ชื่อย่อใดตรงกับ Jetblue Airways?,2.78 วินาที,2.7773711681365967
184,"ระบุชื่อสายการบินและตัวย่อทั้งหมดใน ""USA""",2.75 วินาที,2.7467939853668213
185,ชื่อสายการบินและตัวย่อของสายการบินในสหรัฐอเมริกาคืออะไร,2.90 วินาที,2.901663064956665
186,ระบุรหัสสนามบินและชื่อในเมือง Anthony,2.75 วินาที,2.7486729621887207
187,ระบุรหัสสนามบินและชื่อสนามบินที่ตรงกับเมืองแอนโธนี,2.88 วินาที,2.8800570964813232
188,เรามีสายการบินกี่สาย?,1.65 วินาที,1.6458740234375
189,มีสายการบินทั้งหมดกี่สายการบิน?,1.64 วินาที,1.6352159976959229
190,เรามีสนามบินกี่แห่ง?,1.64 วินาที,1.63826584815979
191,ส่งกลับจำนวนสนามบิน,1.64 วินาที,1.6388418674468994
192,เรามีเที่ยวบินกี่เที่ยว?,1.64 วินาที,1.6428489685058594
193,กลับจำนวนเที่ยวบิน,1.62 วินาที,1.621131181716919
194,สายการบินใดมีอักษรย่อ 'UAL'?,2.48 วินาที,2.48130202293396
195,ให้สายการบินใช้อักษรย่อ 'UAL',2.48 วินาที,2.477487087249756
196,มีสายการบินกี่แห่งจากสหรัฐอเมริกา?,2.48 วินาที,2.4845759868621826
197,ส่งกลับจำนวนสายการบินในสหรัฐอเมริกา,2.44 วินาที,2.43896484375
198,สนามบินอัลตันตั้งอยู่ที่เมืองและประเทศใด,3.05 วินาที,3.0495729446411133
199,ระบุเมืองและประเทศสำหรับสนามบินอัลตัน,2.74 วินาที,2.742915153503418
200,ชื่อสนามบินของสนามบิน 'AKO' คืออะไร?,2.74 วินาที,2.7441699504852295
201,กลับชื่อสนามบินด้วยรหัส 'AKO',2.74 วินาที,2.7436180114746094
202,ชื่อสนามบินใน City 'Aberdeen' คืออะไร?,2.61 วินาที,2.613806962966919
203,ชื่อสนามบินใน อเบอร์ดีน คืออะไร?,2.61 วินาที,2.6113598346710205
204,มีเที่ยวบินกี่เที่ยวที่ออกจาก 'APG',2.73 วินาที,2.732707977294922
205,นับจำนวนเที่ยวบินที่ออกเดินทางจาก 'APG',2.80 วินาที,2.800818920135498
206,ATO มีจุดหมายปลายทางกี่เที่ยวบิน?,2.61 วินาที,2.611401081085205
207,นับจำนวนเที่ยวบินเข้า ATO,2.60 วินาที,2.5996053218841553
208,มีเที่ยวบินที่เดินทางออกจากซิตี้ อเบอร์ดีน กี่เที่ยว?,2.77 วินาที,2.767727851867676
209,กลับจำนวนเที่ยวบินที่ออกเดินทางจากอเบอร์ดีน,2.86 วินาที,2.8640878200531006
210,มีเที่ยวบินที่มาถึงเมืองอเบอร์ดีนกี่เที่ยว?,4.15 วินาที,4.147664308547974
211,ส่งกลับจำนวนเที่ยวบินที่มาถึงอเบอร์ดีน,2.77 วินาที,2.768449068069458
212,มีเที่ยวบินที่เดินทางออกจากเมือง 'แอเบอร์ดีน' และมีเมืองปลายทาง 'แอชลีย์' กี่เที่ยวบิน?,7.47 วินาที,7.473278999328613
213,จากแอเบอร์ดีนไปแอชลีย์มีบินกี่เที่ยวบิน?,3.86 วินาที,3.856294870376587
214,สายการบิน 'เจ็ทบลูแอร์เวย์' มีกี่เที่ยวบิน?,3.71 วินาที,3.7145330905914307
215,แจ้งจำนวนเที่ยวบินของเจ็ทบลูแอร์เวย์,2.75 วินาที,2.747145891189575
216,เที่ยวบินของ 'ยูไนเต็ดแอร์ไลน์' ไปยังสนามบิน 'ASY' มีกี่เที่ยวบิน,3.85 วินาที,3.8517041206359863
217,นับจำนวนเที่ยวบินของ United Airlines ที่เดินทางมาถึงสนามบิน ASY,3.59 วินาที,3.5864779949188232
218,มีเที่ยวบินของ 'ยูไนเต็ดแอร์ไลน์' ที่ออกจากสนามบิน 'AHD' กี่เที่ยว?,3.97 วินาที,3.967884063720703
219,ไปกลับจำนวนเที่ยวบินของ United Airlines ที่ออกจากสนามบิน AHD,3.71 วินาที,3.705231189727783
220,มีเที่ยวบินของ United Airlines ไปยังเมือง 'อเบอร์ดีน' กี่เที่ยว?,6.55 วินาที,6.548987150192261
221,นับจำนวนเที่ยวบินของ United Airlines ที่มาถึงอเบอร์ดีน,3.81 วินาที,3.8061411380767822
222,เมืองใดมีเที่ยวบินขาเข้ามากที่สุด,3.44 วินาที,3.4385929107666016
223,เมืองใดมีสนามบินปลายทางบ่อยที่สุด?,3.35 วินาที,3.3471217155456543
224,เมืองใดมีเที่ยวบินขาออกมากที่สุด,3.07 วินาที,3.072421073913574
225,เมืองใดคือสนามบินต้นทางที่ไปบ่อยที่สุด?,3.40 วินาที,3.395137071609497
226,รหัสสนามบินที่มีจำนวนเที่ยวบินมากที่สุดคือข้อใด,3.28 วินาที,3.282705307006836
227,รหัสสนามบินของสนามบินที่มีเที่ยวบินมากที่สุดคืออะไร?,3.33 วินาที,3.331521987915039
228,รหัสสนามบินที่มีจำนวนเที่ยวบินน้อยที่สุดคือข้อใด,3.15 วินาที,3.148216962814331
229,ระบุรหัสสนามบินที่มีเที่ยวบินน้อยที่สุด,3.17 วินาที,3.166738986968994
230,สายการบินใดมีจำนวนเที่ยวบินมากที่สุด?,3.04 วินาที,3.0397682189941406
231,สายการบินใดให้บริการเที่ยวบินมากที่สุด?,3.01 วินาที,3.0109288692474365
232,ค้นหาชื่อย่อและประเทศของสายการบินที่มีจำนวนเที่ยวบินน้อยที่สุด?,4.63 วินาที,4.627830982208252
233,airilne มีเที่ยวบินน้อยที่สุด อักษรย่อว่าอะไร และอยู่ประเทศอะไร?,4.57 วินาที,4.5727012157440186
234,สายการบินใดบ้างที่มีเที่ยวบินที่ออกเดินทางจากสนามบิน 'AHD'?,4.04 วินาที,4.041276216506958
235,สายการบินใดบ้างที่มีเที่ยวบินที่มีสนามบินต้นทาง AHD?,2.74 วินาที,2.743906021118164
236,สายการบินใดบ้างที่มีเที่ยวบินมาถึงสนามบิน 'AHD'?,2.74 วินาที,2.7423908710479736
237,สายการบินใดบ้างที่มีเที่ยวบินที่มีสนามบินปลายทาง AHD?,2.77 วินาที,2.774930953979492
238,ค้นหาสายการบินทั้งหมดที่มีเที่ยวบินจากทั้งสนามบิน 'APG' และ 'CVO',5.23 วินาที,5.22830605506897
239,สายการบินใดบ้างที่มีเที่ยวบินออกจากทั้งสนามบิน APG และ CVO,5.25 วินาที,5.253618955612183
240,ค้นหาสายการบินทั้งหมดที่มีเที่ยวบินจากสนามบิน 'CVO' แต่ไม่ใช่เที่ยวบินจาก 'APG',5.53 วินาที,5.527062177658081
241,สายการบินใดบ้างที่ออกเดินทางจาก CVO แต่ไม่ได้ออกจากสนามบิน APG,3.85 วินาที,3.8524539470672607
242,ค้นหาสายการบินทั้งหมดที่มีอย่างน้อย 10 เที่ยวบิน,2.87 วินาที,2.8710086345672607
243,สายการบินใดมีอย่างน้อย 10 เที่ยวบิน?,2.88 วินาที,2.8840692043304443
244,ค้นหาสายการบินทั้งหมดที่มีเที่ยวบินน้อยกว่า 200 เที่ยวบิน,3.04 วินาที,3.0356671810150146
245,สายการบินใดมีเที่ยวบินน้อยกว่า 200 เที่ยวบิน?,3.03 วินาที,3.0287418365478516
246,"หมายเลขเที่ยวบินของสายการบิน ""ยูไนเต็ดแอร์ไลน์"" คืออะไร?",2.62 วินาที,2.6238908767700195
247,หมายเลขเที่ยวบินใดที่สอดคล้องกับเที่ยวบินของ United Airlines,2.63 วินาที,2.6317830085754395
248,"เที่ยวบินจำนวนเท่าใดที่ออกเดินทางจากสนามบิน ""APG""",2.75 วินาที,2.7533392906188965
249,แจ้งหมายเลขเที่ยวบินของเที่ยวบินที่ออกจาก APG,2.74 วินาที,2.7412891387939453
250,"เที่ยวบินที่มาถึงสนามบิน ""APG"" หมายเลขเที่ยวบินใด",2.75 วินาที,2.7493481636047363
251,แจ้งหมายเลขเที่ยวบินของเที่ยวบินที่ลงจอดที่ APG,2.76 วินาที,2.759979009628296
252,"เที่ยวบินจำนวนเท่าใดที่ออกเดินทางจากเมือง ""อเบอร์ดีน ""?",4.41 วินาที,4.406244993209839
253,แจ้งหมายเลขเที่ยวบินของเที่ยวบินที่ออกจากแอเบอร์ดีน,4.12 วินาที,4.123208999633789
254,"เที่ยวบินที่มาถึงเมือง ""อเบอร์ดีน"" หมายเลขเที่ยวบินใด",4.00 วินาที,3.998100996017456
255,แจ้งหมายเลขเที่ยวบินของเที่ยวบินที่มาถึงอเบอร์ดีน,4.30 วินาที,4.302546977996826
256,ค้นหาจำนวนเที่ยวบินที่ลงจอดในเมืองอเบอร์ดีนหรืออาบีลีน,4.68 วินาที,4.682272911071777
257,มีเที่ยวบินกี่เที่ยวที่ลงจอดในอเบอร์ดีนหรืออาบีลีน,3.33 วินาที,3.329288959503174
258,ค้นหาชื่อสนามบินที่ไม่มีเที่ยวบินเข้าออก,4.12 วินาที,4.12073016166687
259,สนามบินใดไม่มีเที่ยวบินขาออกหรือขาเข้า?,4.12 วินาที,4.1245245933532715
260,มีพนักงานกี่คน?,2.90 วินาที,2.898317813873291
261,นับจำนวนพนักงาน,1.64 วินาที,1.637206792831421
262,เรียงลำดับชื่อพนักงานตามอายุจากน้อยไปหามาก,2.07 วินาที,2.0691399574279785
263,รายชื่อพนักงานและเรียงลำดับอายุจากน้อยไปหามาก,2.20 วินาที,2.199526786804199
264,แต่ละเมืองมีพนักงานกี่คน?,2.86 วินาที,2.860189914703369
265,นับจำนวนพนักงานในแต่ละเมือง,2.33 วินาที,2.330164909362793
266,พนักงานอายุต่ำกว่า 30 ปีมากกว่าหนึ่งคนมาจากเมืองใดบ้าง,3.57 วินาที,3.5724730491638184
267,ค้นหาเมืองที่มีพนักงานอายุต่ำกว่า 30 ปีมากกว่าหนึ่งคน,3.61 วินาที,3.611560106277466
268,ค้นหาจำนวนร้านค้าในแต่ละสถานที่,2.38 วินาที,2.3774921894073486
269,แต่ละสาขามีกี่ร้าน?,1.78 วินาที,1.7808442115783691
270,ค้นหาชื่อผู้จัดการและเขตของร้านค้าที่มีจำนวนสินค้ามากที่สุด,3.32 วินาที,3.319998025894165
271,ชื่อผู้จัดการและเขตของร้านค้าที่ขายสินค้าจำนวนมากที่สุดคืออะไร?,3.32 วินาที,3.3183343410491943
272,ค้นหาจำนวนสินค้าขั้นต่ำและสูงสุดของร้านค้าทั้งหมด,3.03 วินาที,3.0283238887786865
273,จำนวนผลิตภัณฑ์ขั้นต่ำและสูงสุดในร้านค้าทั้งหมดคือเท่าใด,3.04 วินาที,3.0363247394561768
274,กลับชื่อ ที่ตั้ง และอำเภอของร้านค้าทั้งหมดโดยเรียงตามจำนวนสินค้าจากมากไปน้อย,2.89 วินาที,2.8871548175811768
275,จัดเรียงร้านค้าทั้งหมดตามจำนวนสินค้าตามลำดับจากมากไปหาน้อย และส่งคืนชื่อ ที่ตั้ง และอำเภอของแต่ละร้าน,3.32 วินาที,3.3180439472198486
276,ค้นหาชื่อร้านค้าที่มีจำนวนสินค้ามากกว่าจำนวนสินค้าโดยเฉลี่ย,3.73 วินาที,3.7301108837127686
277,สินค้าเบอร์ร้านไหนสูงกว่าค่าเฉลี่ย? แจ้งชื่อร้านครับ.,3.72 วินาที,3.720839023590088
278,ค้นหาชื่อพนักงานที่ได้รับรางวัลมากที่สุดในการประเมิน,8.16 วินาที,8.163914918899536
279,พนักงานคนไหนได้รับรางวัลมากที่สุดในการประเมินผล? แจ้งชื่อพนักงานค่ะ.,4.31 วินาที,4.307235956192017
280,ค้นหาชื่อพนักงานที่ได้รับโบนัสครั้งเดียวสูงสุด,8.09 วินาที,8.094541788101196
281,พนักงานคนไหนได้รับโบนัสมากที่สุด? แจ้งชื่อพนักงานค่ะ.,5.30 วินาที,5.297266960144043
282,ค้นหารายชื่อพนักงานที่ไม่เคยได้รับรางวัลใดๆ ในการประเมิน,3.47 วินาที,3.467634916305542
283,พนักงานที่ไม่เคยได้รับการประเมินมีชื่ออะไรบ้าง?,3.44 วินาที,3.443657875061035
284,ร้านที่รับสมัครพนักงานมากที่สุดชื่อว่าอะไรคะ?,5.65 วินาที,5.653568983078003
285,ร้านไหนมีพนักงานมากที่สุด? แจ้งชื่อร้านครับ.,2.74 วินาที,2.7406089305877686
286,ค้นหาชื่อร้านค้าที่ไม่จ้างพนักงานคนใด,3.43 วินาที,3.4347100257873535
287,ร้านไหนไม่มีพนักงาน? ค้นหาชื่อร้านค้า,3.48 วินาที,3.4758739471435547
288,ค้นหาจำนวนพนักงานที่ได้รับการว่าจ้างในแต่ละร้าน แสดงชื่อร้านด้วย,8.33 วินาที,8.329949855804443
289,สำหรับร้านค้าแต่ละแห่ง ให้ส่งคืนจำนวนพนักงานที่ทำงานที่นั่นและชื่อร้านค้า,7.74 วินาที,7.735944032669067
290,โบนัสทั้งหมดที่มอบให้ในการประเมินทั้งหมดคือเท่าไร?,2.07 วินาที,2.0712249279022217
291,ค้นหาจำนวนโบนัสทั้งหมดที่ได้รับจากการประเมินทั้งหมด,1.93 วินาที,1.9275691509246826
292,ให้ข้อมูลทั้งหมดเกี่ยวกับการจ้างงานแก่ฉัน,1.50 วินาที,1.5048747062683105
293,ข้อมูลทั้งหมดเกี่ยวกับการจ้างงานคืออะไร?,1.50 วินาที,1.498913049697876
294,"เขตใดมีทั้งร้านค้าที่มีสินค้าน้อยกว่า 3,000 รายการและร้านค้าที่มีสินค้ามากกว่า 10,000 รายการ",4.82 วินาที,4.822920799255371
295,"ค้นหาเขตที่มีทั้งร้านค้าที่จำหน่ายสินค้าน้อยกว่า 3,000 รายการ และร้านค้าที่จำหน่ายสินค้ามากกว่า 10,000 รายการ",4.94 วินาที,4.940780878067017
296,มีร้านค้าที่แตกต่างกันกี่แห่ง?,2.46 วินาที,2.4599499702453613
297,นับจำนวนที่ตั้งร้านค้าที่แตกต่างกัน,2.20 วินาที,2.1951308250427246
298,เรามีเอกสารกี่ฉบับ?,3.31 วินาที,3.3103127479553223
299,นับจำนวนเอกสาร,1.63 วินาที,1.6349046230316162
300,แสดงรายการ ID เอกสาร ชื่อเอกสาร และคำอธิบายเอกสารสำหรับเอกสารทั้งหมด,2.89 วินาที,2.8937840461730957
301,รหัส ชื่อ และคำอธิบายสำหรับเอกสารทั้งหมดคืออะไร,2.88 วินาที,2.879879951477051
302,ชื่อเอกสารและรหัสเทมเพลตสำหรับเอกสารที่มีคำอธิบายมีตัวอักษร 'w' อยู่ในนั้นคืออะไร,4.13 วินาที,4.127596139907837
303,ส่งกลับชื่อและรหัสเทมเพลตสำหรับเอกสารที่มีตัวอักษร w อยู่ในคำอธิบาย,8.42 วินาที,8.42278003692627
304,"รหัสเอกสาร รหัสเทมเพลต และคำอธิบายสำหรับเอกสารชื่อ ""Robbin CV"" คืออะไร",6.18 วินาที,6.178409099578857
305,ส่งกลับรหัสเอกสาร รหัสเทมเพลต และคำอธิบายสำหรับเอกสารชื่อ Robbin CV,8.33 วินาที,8.334850072860718
306,เอกสารทั้งหมดใช้เทมเพลตที่แตกต่างกันกี่แบบ,2.60 วินาที,2.5957753658294678
307,นับจำนวนเทมเพลตต่างๆ ที่ใช้สำหรับเอกสาร,2.90 วินาที,2.904982089996338
308,มีเอกสารกี่ฉบับที่ใช้เทมเพลตที่มีรหัสประเภท 'PPT',5.24 วินาที,5.241429805755615
309,นับจำนวนเอกสารที่ใช้ประเภทเทมเพลต PPT,5.23 วินาที,5.233747959136963
310,แสดงรหัสเทมเพลตทั้งหมดและจำนวนเอกสารโดยใช้แต่ละเทมเพลต,8.48 วินาที,8.475851058959961
311,รหัสเทมเพลตที่แตกต่างกันทั้งหมดที่ใช้สำหรับเอกสารคืออะไร และแต่ละรหัสถูกใช้กี่ครั้ง,4.52 วินาที,4.522057771682739
312,รหัสประจำตัวและรหัสประเภทสำหรับเทมเพลตที่ใช้โดยเอกสารส่วนใหญ่คืออะไร,10.42 วินาที,10.421175003051758
313,ส่งคืนรหัสและรหัสประเภทของเทมเพลตที่ใช้กับเอกสารจำนวนมากที่สุด,6.28 วินาที,6.277044057846069
314,แสดงรหัสสำหรับเทมเพลตทั้งหมดที่ใช้โดยเอกสารมากกว่าหนึ่งรายการ,3.91 วินาที,3.908581256866455
315,รหัสเทมเพลตของเทมเพลตที่ใช้ในเอกสารมากกว่าหนึ่งฉบับคืออะไร,4.89 วินาที,4.8908531665802
316,แสดงรหัสสำหรับเทมเพลตทั้งหมดที่เอกสารใดไม่ได้ใช้,4.01 วินาที,4.010832786560059
317,รหัสสำหรับเทมเพลตที่ไม่ได้ใช้ในเอกสารใดๆ คืออะไร,6.76 วินาที,6.763443946838379
318,เรามีเทมเพลตกี่แบบ?,2.34 วินาที,2.335826873779297
319,นับจำนวนเทมเพลต,1.66 วินาที,1.659621000289917
320,แสดงรหัสเทมเพลต หมายเลขเวอร์ชัน และรหัสประเภทเทมเพลตสำหรับเทมเพลตทั้งหมด,3.57 วินาที,3.574404239654541
321,รหัส หมายเลขเวอร์ชัน และรหัสประเภทสำหรับแต่ละเทมเพลตคืออะไร,3.17 วินาที,3.169187068939209
322,แสดงรหัสประเภทเทมเพลตที่แตกต่างกันทั้งหมดสำหรับเทมเพลตทั้งหมด,2.41 วินาที,2.4100592136383057
323,รหัสประเภทเทมเพลตที่แตกต่างกันคืออะไร,2.20 วินาที,2.204740047454834
324,รหัสของเทมเพลตที่มีรหัสประเภทเทมเพลต PP หรือ PPT คืออะไร,3.59 วินาที,3.593413829803467
325,ส่งกลับรหัสของเทมเพลตที่มีรหัส PP หรือ PPT,3.58 วินาที,3.5832598209381104
326,มีเทมเพลตกี่แบบที่มีรหัสประเภทเทมเพลต CV,3.60 วินาที,3.6033859252929688
327,นับจำนวนเทมเพลตประเภท CV,5.76 วินาที,5.764508247375488
328,หมายเลขเวอร์ชันและรหัสประเภทเทมเพลตสำหรับเทมเพลตที่มีหมายเลขเวอร์ชันใหม่กว่า 5 คืออะไร,4.00 วินาที,3.9998626708984375
329,ส่งคืนหมายเลขเวอร์ชันและรหัสประเภทเทมเพลตของเทมเพลตที่มีหมายเลขเวอร์ชันมากกว่า 5,4.04 วินาที,4.042246103286743
330,แสดงรหัสประเภทเทมเพลตทั้งหมดและจำนวนเทมเพลตสำหรับแต่ละรายการ,4.17 วินาที,4.168787956237793
331,รหัสประเภทเทมเพลตที่แตกต่างกันคืออะไร และมีกี่เทมเพลตที่สอดคล้องกับแต่ละประเภท,5.41 วินาที,5.4082560539245605
332,โค้ดประเภทเทมเพลตใดมีจำนวนเทมเพลตมากที่สุด,4.31 วินาที,4.310009241104126
333,ส่งกลับรหัสประเภทของประเภทเทมเพลตที่มีเทมเพลตส่วนใหญ่อยู่,4.16 วินาที,4.155192136764526
334,แสดงรหัสประเภทเทมเพลตทั้งหมดที่มีเทมเพลตน้อยกว่าสามเทมเพลต,4.26 วินาที,4.264148235321045
335,รหัสประเภทเทมเพลตที่มีน้อยกว่า 3 เทมเพลตมีอะไรบ้าง,4.01 วินาที,4.00955605506897
336,หมายเลขเวอร์ชันที่เล็กที่สุดและรหัสประเภทเทมเพลตคืออะไร?,3.02 วินาที,3.017953872680664
337,ส่งกลับหมายเลขเวอร์ชันต่ำสุด พร้อมด้วยรหัสประเภทเทมเพลตที่เกี่ยวข้อง,4.00 วินาที,3.995661973953247
338,"รหัสประเภทเทมเพลตของเทมเพลตที่ใช้โดยเอกสารชื่อ ""ฐานข้อมูล"" คืออะไร",7.77 วินาที,7.7716076374053955
339,ส่งกลับรหัสประเภทเทมเพลตของเทมเพลตที่ใช้โดยเอกสารชื่อฐานข้อมูล,7.80 วินาที,7.797096252441406
340,แสดงชื่อเอกสารทั้งหมดโดยใช้เทมเพลตพร้อมรหัสประเภทเทมเพลต BK,4.86 วินาที,4.859525918960571
341,เอกสารที่ใช้เทมเพลตที่มีรหัส BK ชื่ออะไร,7.06 วินาที,7.062895059585571
342,แสดงรหัสประเภทเทมเพลตทั้งหมดและจำนวนเอกสารที่ใช้แต่ละประเภท,9.84 วินาที,9.843325138092041
343,รหัสประเภทเทมเพลตที่แตกต่างกันคืออะไร และแต่ละประเภทใช้เอกสารจำนวนเท่าใด,9.91 วินาที,9.90852403640747
344,เอกสารส่วนใหญ่ใช้รหัสประเภทเทมเพลตใด,4.16 วินาที,4.1645119190216064
345,ส่งกลับรหัสประเภทเทมเพลตที่ใช้บ่อยที่สุดในเอกสาร,4.20 วินาที,4.195935964584351
346,แสดงรหัสประเภทเทมเพลตทั้งหมดที่เอกสารใดไม่ได้ใช้,6.97 วินาที,6.966292858123779
347,รหัสประเภทเทมเพลตที่ไม่ใช้กับเอกสารใด ๆ มีอะไรบ้าง,6.93 วินาที,6.931180000305176
348,แสดงรหัสและคำอธิบายประเภทเทมเพลตทั้งหมด,3.46 วินาที,3.4585931301116943
349,รหัสประเภทและคำอธิบายสำหรับเทมเพลตทุกประเภทคืออะไร,3.46 วินาที,3.4598920345306396
350,"คำอธิบายประเภทเทมเพลตสำหรับรหัสประเภทเทมเพลต ""AD"" คืออะไร",4.40 วินาที,4.4023871421813965
351,กลับคำอธิบายประเภทเทมเพลตของประเภทเทมเพลตด้วยรหัส AD,4.02 วินาที,4.024403095245361
352,"รหัสประเภทเทมเพลตสำหรับคำอธิบายประเภทเทมเพลต ""หนังสือ"" คืออะไร",4.40 วินาที,4.401003122329712
353,"ส่งกลับรหัสประเภทของประเภทเทมเพลตพร้อมคำอธิบาย ""หนังสือ""",4.00 วินาที,4.004440784454346
354,คำอธิบายประเภทเทมเพลตที่ชัดเจนสำหรับเทมเพลตที่เคยใช้ในเอกสารใด ๆ คืออะไร,14.46 วินาที,14.461899995803833
355,ส่งกลับคำอธิบายต่างๆ สำหรับเทมเพลตที่ใช้ในเอกสาร,5.67 วินาที,5.6686670780181885
356,"รหัสเทมเพลตที่มีคำอธิบายประเภทเทมเพลต ""การนำเสนอ"" คืออะไร",4.68 วินาที,4.68220591545105
357,ส่งกลับรหัสที่สอดคล้องกับเทมเพลตพร้อมคำอธิบาย 'การนำเสนอ',4.81 วินาที,4.811726808547974
358,มีทั้งหมดกี่ย่อหน้า?,1.80 วินาที,1.7965319156646729
359,นับจำนวนย่อหน้า,1.79 วินาที,1.785634994506836
360,เอกสารชื่อ 'Summer Show' มีกี่ย่อหน้า?,5.26 วินาที,5.261096954345703
361,นับจำนวนย่อหน้าในเอกสารชื่อ 'Summer Show',5.24 วินาที,5.244620084762573
362,แสดงรายละเอียดย่อหน้าสำหรับย่อหน้าที่มีข้อความ 'Korea ',2.76 วินาที,2.7643980979919434
363,ย่อหน้าที่มีข้อความ 'Korea' มีรายละเอียดอะไรบ้าง?,4.31 วินาที,4.311482906341553
364,"แสดงรหัสย่อหน้าและข้อความทั้งหมดสำหรับเอกสารชื่อ ""ยินดีต้อนรับสู่นิวยอร์ก""",7.25 วินาที,7.248725175857544
365,รหัสและข้อความของย่อหน้าในเอกสารชื่อ 'ยินดีต้อนรับสู่นิวยอร์ก' คืออะไร,7.60 วินาที,7.600322246551514
366,"แสดงข้อความย่อหน้าทั้งหมดสำหรับเอกสาร ""บทวิจารณ์ของลูกค้า""",5.57 วินาที,5.572842121124268
367,ข้อความย่อหน้าของเอกสารชื่อ 'บทวิจารณ์ของลูกค้า' คืออะไร,7.75 วินาที,7.747457981109619
368,แสดงรหัสเอกสารทั้งหมดและจำนวนย่อหน้าในแต่ละเอกสาร สั่งซื้อตามรหัสเอกสาร,9.68 วินาที,9.675242900848389
369,ส่งกลับรหัสเอกสารที่แตกต่างกันพร้อมกับจำนวนย่อหน้าที่ตรงกัน โดยเรียงลำดับตามรหัส,4.98 วินาที,4.980813026428223
370,แสดงรหัสเอกสาร ชื่อ และจำนวนย่อหน้าทั้งหมดในแต่ละเอกสาร,7.85 วินาที,7.84999680519104
371,รหัสและชื่อของแต่ละเอกสารคืออะไร รวมถึงจำนวนย่อหน้าในแต่ละเอกสาร,10.83 วินาที,10.829802989959717
372,แสดงรายการรหัสเอกสารทั้งหมดที่มีอย่างน้อยสองย่อหน้า,3.59 วินาที,3.5948078632354736
373,รหัสของเอกสารที่มี 2 ย่อหน้าขึ้นไปคือรหัสอะไร,3.59 วินาที,3.591064214706421
374,รหัสเอกสารและชื่อที่มีจำนวนย่อหน้ามากที่สุดคืออะไร?,8.14 วินาที,8.138898849487305
375,ส่งกลับรหัสและชื่อของเอกสารที่มีย่อหน้ามากที่สุด,6.07 วินาที,6.07160496711731
376,รหัสเอกสารที่มีจำนวนย่อหน้าน้อยที่สุดคืออะไร?,6.27 วินาที,6.2680580615997314
377,ส่งกลับรหัสของเอกสารที่มีย่อหน้าน้อยที่สุด,4.05 วินาที,4.047828912734985
378,รหัสเอกสารที่มี 1 ถึง 2 ย่อหน้าคืออะไร?,5.49 วินาที,5.487346887588501
379,ระบุรหัสเอกสารที่มีระหว่างหนึ่งถึงสองย่อหน้า,4.31 วินาที,4.30520486831665
380,แสดงรหัสเอกสารพร้อมข้อความย่อหน้า 'บราซิล' และ 'ไอร์แลนด์',8.81 วินาที,8.807000160217285
381,รหัสของเอกสารที่มีข้อความย่อหน้าว่า 'บราซิล' และ 'ไอร์แลนด์' คืออะไร,5.51 วินาที,5.506170272827148
382,มีครูกี่คน?,2.53 วินาที,2.5285091400146484
383,ครูทั้งหมดมีจำนวนเท่าไร?,1.70 วินาที,1.6966660022735596
384,รายชื่อครูตามลำดับอายุจากน้อยไปหามาก,2.10 วินาที,2.100512981414795
385,ครูเรียงลำดับอายุขึ้นไปมีชื่ออะไรบ้าง?,2.49 วินาที,2.48512601852417
386,อายุและบ้านเกิดของครูคือเท่าไร?,1.92 วินาที,1.9163801670074463
387,อายุและบ้านเกิดของครูทุกคนคือเท่าไร?,1.93 วินาที,1.930318832397461
388,รายชื่อครูที่บ้านเกิดไม่ใช่ `` เขตเมืองลีเวอร์น้อย '',3.08 วินาที,3.080390214920044
389,ครูที่บ้านเกิดไม่ใช่ `` Little Lever Urban District '' ชื่ออะไร?,2.76 วินาที,2.7562830448150635
390,แสดงชื่อครูอายุ 32 หรือ 33 ปี?,3.02 วินาที,3.023024797439575
391,ครูที่มีอายุ 32 หรือ 33 ปีชื่ออะไร,3.02 วินาที,3.017328977584839
392,บ้านเกิดของครูที่อายุน้อยที่สุดคืออะไร?,2.56 วินาที,2.5608952045440674
393,ครูที่อายุน้อยที่สุดมาจากไหน?,2.52 วินาที,2.52394700050354
394,แสดงบ้านเกิดของครูที่แตกต่างกันและจำนวนครูจากแต่ละบ้านเกิด,2.38 วินาที,2.376605987548828
395,แต่ละบ้านเกิดมีครูกี่คน?,3.43 วินาที,3.433668851852417
396,รายชื่อบ้านเกิดของครูที่พบมากที่สุด,3.15 วินาที,3.152824640274048
397,บ้านเกิดที่พบบ่อยที่สุดสำหรับครูคืออะไร?,3.01 วินาที,3.0137131214141846
398,แสดงบ้านเกิดที่ครูอย่างน้อยสองคนมีร่วมกัน,2.75 วินาที,2.7499310970306396
399,ครูอย่างน้อยสองคนมาจากเมืองใด?,2.87 วินาที,2.8673110008239746
400,แสดงชื่อครูและหลักสูตรที่จัดสอน,7.39 วินาที,7.392905235290527
401,ครูแต่ละคนชื่ออะไร และสอนวิชาอะไร?,7.42 วินาที,7.415956020355225
402,แสดงชื่อครูและรายวิชาที่จัดสอนโดยเรียงตามตัวอักษรของชื่อครู,8.67 วินาที,8.667573928833008
403,ครูชื่ออะไรและรายวิชาที่สอนเรียงตามตัวอักษรจากชื่อครู?,6.90 วินาที,6.898756265640259
404,แสดงชื่อครูประจำวิชาคณิตศาสตร์,9.34 วินาที,9.337001085281372
405,คนที่สอนวิชาคณิตชื่ออะไรคะ?,9.22 วินาที,9.217403888702393
406,แสดงชื่อครูและจำนวนรายวิชาที่สอน,7.45 วินาที,7.453427314758301
407,ครูชื่ออะไร และสอนกี่วิชา?,6.86 วินาที,6.856415271759033
408,แสดงชื่อครูที่สอนอย่างน้อยสองรายวิชา,8.17 วินาที,8.174530029296875
409,ครูที่สอนอย่างน้อยสองหลักสูตรชื่ออะไร,8.30 วินาที,8.302430868148804
410,รายชื่อครูที่ยังไม่ได้จัดการเรียนการสอนรายวิชา,4.99 วินาที,4.990954875946045
411,ครูที่ยังไม่ได้จัดหลักสูตรมีชื่ออะไรบ้าง?,4.54 วินาที,4.544388055801392
412,มีผู้เข้าชมที่มีอายุต่ำกว่า 30 ปีกี่คน?,3.99 วินาที,3.98563814163208
413,ค้นหาชื่อผู้เข้าชมที่มีระดับสมาชิกสูงกว่า 4 และเรียงลำดับผลลัพธ์ตามระดับจากสูงไปต่ำ,4.48 วินาที,4.484424114227295
414,อายุเฉลี่ยของผู้เข้าชมที่มีระดับสมาชิกไม่สูงกว่า 4 คือเท่าใด?,3.32 วินาที,3.317413806915283
415,ค้นหาชื่อและระดับสมาชิกของผู้เข้าชมที่มีระดับสมาชิกสูงกว่า 4 และจัดเรียงตามอายุตั้งแต่อายุมากจนถึงอายุน้อย,4.58 วินาที,4.577610969543457
416,ค้นหารหัสและชื่อพิพิธภัณฑ์ที่มีเจ้าหน้าที่มากที่สุด?,3.58 วินาที,3.578078269958496
417,ค้นหาจำนวนพนักงานโดยเฉลี่ยที่ทำงานให้กับพิพิธภัณฑ์ที่เปิดก่อนปี 2009,4.27 วินาที,4.268351078033447
418,พิพิธภัณฑ์พลาซ่ามิวเซียมเปิดทำการและหมายเลขเจ้าหน้าที่คือเมื่อใด,4.97 วินาที,4.968540191650391
419,ค้นหาชื่อพิพิธภัณฑ์ที่มีเจ้าหน้าที่มากกว่าจำนวนพนักงานขั้นต่ำของพิพิธภัณฑ์ทุกแห่งที่เปิดหลังปี 2553,6.10 วินาที,6.098348140716553
420,ค้นหารหัส ชื่อ และอายุของผู้เยี่ยมชมที่เคยเยี่ยมชมพิพิธภัณฑ์บางแห่งมากกว่าหนึ่งครั้ง,7.19 วินาที,7.185902118682861
421,รหัส ชื่อ และระดับสมาชิกของผู้เข้าชมที่ใช้เงินรวมมากที่สุดในตั๋วพิพิธภัณฑ์ทั้งหมดคือเท่าใด,7.34 วินาที,7.344813108444214
422,รหัสและชื่อของพิพิธภัณฑ์ที่เข้าชมบ่อยที่สุดคืออะไร?,7.78 วินาที,7.776337146759033
423,พิพิธภัณฑ์ที่ยังไม่มีผู้เยี่ยมชมชื่ออะไร?,3.42 วินาที,3.4234559535980225
424,ค้นหาชื่อและอายุของผู้เข้าชมที่ซื้อตั๋วมากที่สุดในคราวเดียว,6.33 วินาที,6.332430839538574
425,จำนวนตั๋วโดยเฉลี่ยและสูงสุดที่ซื้อในการเข้าชมทั้งหมดคือเท่าใด,3.86 วินาที,3.858367919921875
426,ค่าตั๋วทั้งหมดของผู้เยี่ยมชมที่มีระดับสมาชิกคือเท่าไร?,4.97 วินาที,4.969312906265259
427,ผู้เข้าชมที่เยี่ยมชมทั้งพิพิธภัณฑ์ที่เปิดก่อนปี 2009 และพิพิธภัณฑ์ที่เปิดหลังปี 2011 ชื่ออะไร,11.51 วินาที,11.512886762619019
428,ค้นหาจำนวนผู้เข้าชมที่ไม่ได้เยี่ยมชมพิพิธภัณฑ์ใดๆ ที่เปิดหลังปี 2010,8.29 วินาที,8.292826890945435
429,มีพิพิธภัณฑ์กี่แห่งที่เปิดหลังปี 2556 หรือก่อนปี 2551,4.85 วินาที,4.852902889251709
430,ค้นหาจำนวนผู้เล่นทั้งหมด,4.24 วินาที,4.237263917922974
431,มีผู้เล่นกี่คน?,1.66 วินาที,1.6554028987884521
432,ค้นหาจำนวนการแข่งขันทั้งหมด,1.64 วินาที,1.642956018447876
433,นับจำนวนการแข่งขัน,1.65 วินาที,1.6478722095489502
434,รายชื่อและวันเกิดของผู้เล่นทั้งหมดจากประเทศที่มีรหัส USA,3.48 วินาที,3.4765257835388184
435,ชื่อและวันเกิดของผู้เล่นจากสหรัฐอเมริกาคืออะไร?,3.47 วินาที,3.473910093307495
436,ค้นหาอายุเฉลี่ยของผู้แพ้และผู้ชนะการแข่งขันทั้งหมด,3.19 วินาที,3.187676191329956
437,อายุเฉลี่ยของผู้แพ้และผู้ชนะในการแข่งขันคือเท่าใด,3.23 วินาที,3.231044054031372
438,ค้นหาอันดับเฉลี่ยของผู้ชนะในการแข่งขันทั้งหมด,2.93 วินาที,2.931680679321289
439,อันดับเฉลี่ยของผู้ชนะในการแข่งขันทั้งหมดคือเท่าไร?,2.37 วินาที,2.367914915084839
440,ค้นหาผู้แพ้อันดับสูงสุดในทุกแมตช์,3.20 วินาที,3.203871011734009
441,อันดับผู้แพ้ที่ดีที่สุดในทุกนัดคืออะไร?,2.21 วินาที,2.2111899852752686
442,ค้นหาหมายเลขรหัสประเทศที่แตกต่างกันของผู้เล่นทุกคน,2.08 วินาที,2.080612897872925
443,ผู้เล่นมาจากกี่ประเทศที่แตกต่างกัน?,2.61 วินาที,2.6096198558807373
444,ค้นหาจำนวนชื่อที่ชัดเจนของผู้แพ้,2.52 วินาที,2.522101879119873
445,มีชื่อผู้แพ้ที่แตกต่างกันกี่ชื่อ?,2.50 วินาที,2.498674154281616
446,ค้นหาชื่อทัวร์นาเมนท์ที่มีมากกว่า 10 นัด,3.76 วินาที,3.7581257820129395
447,การแข่งขันที่มีมากกว่า 10 นัดชื่ออะไร?,3.18 วินาที,3.177541971206665
448,รายชื่อผู้ชนะทั้งหมดที่เล่นในปี 2013 และ 2016,3.93 วินาที,3.9331607818603516
449,ผู้เล่นที่ชนะในปี 2013 และ 2016 มีชื่ออะไรบ้าง?,10.49 วินาที,10.492015838623047
450,รายชื่อจำนวนแมตช์ทั้งหมดที่เล่นในปี 2013 หรือ 2016,3.90 วินาที,3.9048991203308105
451,มีการแข่งขันกี่นัดในปี 2013 หรือ 2016?,4.05 วินาที,4.0523762702941895
452,รหัสประเทศและชื่อของผู้เล่นที่ชนะทั้งทัวร์นาเมนต์ WTA Championships และ Australian Open คืออะไร,6.87 วินาที,6.871492147445679
453,ชื่อและรหัสประเทศสำหรับผู้เล่นที่ชนะทั้ง WTA Championships และ Australian Open คืออะไร,9.89 วินาที,9.885143041610718
454,ค้นหาชื่อและรหัสประเทศของผู้เล่นอายุมากที่สุด,3.62 วินาที,3.623108148574829
455,ชื่อและรหัสประเทศของผู้เล่นอายุมากที่สุดคืออะไร?,4.14 วินาที,4.141560077667236
456,ระบุชื่อและนามสกุลของผู้เล่นทั้งหมดตามลำดับวันเกิด,3.20 วินาที,3.195610761642456
457,ผู้เล่นทั้งหมดชื่ออะไร เรียงตามวันเกิด?,3.17 วินาที,3.1745409965515137
458,ระบุชื่อและนามสกุลของผู้เล่นทั้งหมดที่เหลืออยู่ / มือ L ตามลำดับวันเกิด,4.03 วินาที,4.032655954360962
459,ผู้เล่นถนัดซ้ายมีชื่อเต็มว่าอะไร เรียงตามวันเกิด?,4.02 วินาที,4.024425983428955
460,ค้นหาชื่อและรหัสประเทศของผู้เล่นที่ทำทัวร์มากที่สุด,3.61 วินาที,3.6141998767852783
461,ชื่อและรหัสประเทศของผู้เล่นที่มีทัวร์มากที่สุดคืออะไร?,6.55 วินาที,6.545846700668335
462,ค้นหาปีที่มีจำนวนการแข่งขันมากที่สุด,3.06 วินาที,3.057849884033203
463,ปีไหนมีการแข่งขันมากที่สุด?,3.06 วินาที,3.0560460090637207
464,ค้นหาชื่อและอันดับคะแนนของผู้ชนะที่ชนะมากที่สุด,4.33 วินาที,4.32931923866272
465,ผู้ชนะที่ชนะการแข่งขันมากที่สุดชื่ออะไร และผู้เล่นคนนี้มีคะแนนอันดับเท่าไร?,11.67 วินาที,11.669455766677856
466,ค้นหาชื่อผู้ชนะที่มีคะแนนอันดับสูงสุดและเข้าร่วมการแข่งขัน Australian Open,4.40 วินาที,4.402923107147217
467,ผู้ชนะที่มีคะแนนอันดับมากที่สุดที่เข้าร่วมการแข่งขัน Australian Open ชื่ออะไร,4.72 วินาที,4.71838903427124
468,ค้นหาชื่อผู้แพ้และผู้ชนะที่เล่นในนัดที่มีจำนวนนาทีมากที่สุด,4.15 วินาที,4.153679132461548
469,ผู้ชนะและผู้แพ้ที่เล่นในนัดที่ยาวที่สุดชื่ออะไร?,3.32 วินาที,3.3236160278320312
470,ค้นหาอันดับเฉลี่ยของผู้เล่นแต่ละคนและชื่อของพวกเขา,8.48 วินาที,8.479331016540527
471,ผู้เล่นทุกคนชื่ออะไร และอันดับเฉลี่ยของพวกเขาคืออะไร?,3.35 วินาที,3.3472399711608887
472,ค้นหาคะแนนรวมของผู้เล่นแต่ละคนและชื่อของพวกเขา,5.81 วินาที,5.810044050216675
473,ชื่อแรกของผู้เล่นทุกคนคืออะไร และคะแนนอันดับรวมของพวกเขาคืออะไร?,3.61 วินาที,3.6129682064056396
474,ค้นหาจำนวนผู้เล่นในแต่ละประเทศ,2.95 วินาที,2.9539201259613037
475,มีผู้เล่นกี่คนจากแต่ละประเทศ?,2.94 วินาที,2.9406962394714355
476,ค้นหารหัสของประเทศที่มีจำนวนผู้เล่นมากที่สุด,3.61 วินาที,3.6120541095733643
477,รหัสของประเทศที่มีผู้เล่นมากที่สุดคืออะไร?,3.62 วินาที,3.6177730560302734
478,ค้นหารหัสประเทศที่มีผู้เล่นมากกว่า 50 คน,3.45 วินาที,3.448786973953247
479,รหัสของประเทศที่มีผู้เล่นมากกว่า 50 คนคือรหัสอะไร?,3.61 วินาที,3.6086840629577637
480,ค้นหาจำนวนทัวร์ทั้งหมดในแต่ละวันที่มีการจัดอันดับ,3.32 วินาที,3.3227930068969727
481,มีทัวร์ทั้งหมดกี่ทัวร์ในแต่ละวันที่มีการจัดอันดับ?,3.33 วินาที,3.33016300201416
482,ค้นหาจำนวนการแข่งขันที่เกิดขึ้นในแต่ละปี,2.36 วินาที,2.358131170272827
483,แต่ละปีมีการแข่งขันกี่นัด?,1.65 วินาที,1.6543219089508057
484,ค้นหาชื่อและอันดับของผู้ชนะที่อายุน้อยที่สุด 3 รายจากทุกแมตช์,3.99 วินาที,3.9897208213806152
485,ชื่อและอันดับของผู้ชนะที่อายุน้อยที่สุดสามคนในการแข่งขันทั้งหมดคืออะไร?,3.61 วินาที,3.6143929958343506
486,มีผู้ชนะที่แตกต่างกันกี่คนที่เข้าร่วมการแข่งขัน WTA Championships และถูกถนัดซ้าย?,5.52 วินาที,5.517773151397705
487,ค้นหาจำนวนผู้ชนะที่ถนัดซ้ายที่เข้าร่วม WTA Championships,5.58 วินาที,5.578011989593506
488,ค้นหาชื่อ รหัสประเทศ และวันเกิดของผู้ชนะที่มีแต้มอันดับสูงสุดในทุกแมตช์,9.17 วินาที,9.16663932800293
489,"ชื่อ, รหัสประเทศ และวันเกิดของผู้เล่นที่มีคะแนนอันดับผู้ชนะมากที่สุดในทุกแมตช์คืออะไร?",8.52 วินาที,8.52231502532959
490,ค้นหาจำนวนผู้เล่นสำหรับแต่ละประเภทมือ,2.92 วินาที,2.916809320449829
491,แต่ละประเภทมือมีผู้เล่นกี่คน?,2.65 วินาที,2.653879165649414
492,มีเรือกี่ลำที่ถูก 'ยึด'?,4.54 วินาที,4.543452024459839
493,ระบุชื่อและระวางน้ำหนักโดยเรียงลำดับตามตัวอักษรจากมากไปน้อยสำหรับชื่อ,2.88 วินาที,2.8845131397247314
494,ระบุชื่อ วันที่ และผลการต่อสู้แต่ละครั้ง,2.08 วินาที,2.0829010009765625
495,ยอดผู้เสียชีวิตสูงสุดและต่ำสุดที่เกิดขึ้นในแต่ละครั้งคือเท่าใด?,2.61 วินาที,2.612520933151245
496,จำนวนการบาดเจ็บที่เกิดขึ้นในแต่ละครั้งโดยเฉลี่ยคือเท่าใด?,2.36 วินาที,2.3562071323394775
497,สถานการณ์การเสียชีวิตและการบาดเจ็บที่เกิดจากเรือที่มีน้ำหนัก 't' คืออะไร?,4.28 วินาที,4.278375148773193
498,ชื่อและผลลัพธ์ของการรบคืออะไรเมื่อผู้บัญชาการบัลแกเรียไม่ใช่ 'โบริล',3.70 วินาที,3.6976277828216553
499,อะไรคือรหัสและชื่อของการรบที่สูญเสียเรือรบประเภท 'Brig'?,5.67 วินาที,5.668553829193115
500,รหัสและชื่อของการต่อสู้ที่ทำให้มีผู้เสียชีวิตทั้งหมดมากกว่า 10 รายคืออะไร,5.73 วินาที,5.730842113494873
501,รหัสเรือและชื่อใดที่ทำให้เกิดการบาดเจ็บทั้งหมดมากที่สุด?,7.61 วินาที,7.605144023895264
502,ชื่อการต่อสู้ที่แตกต่างกันระหว่างผู้บัญชาการบัลแกเรีย 'Kaloyan' และผู้บัญชาการภาษาละติน 'Baldwin I' คืออะไร,4.83 วินาที,4.8342931270599365
503,มีผลลัพธ์ที่แตกต่างกันกี่แบบสำหรับการต่อสู้?,2.24 วินาที,2.2447750568389893
504,มีกี่การรบที่ไม่แพ้เรือลำใดที่มีน้ำหนัก '225'?,4.55 วินาที,4.548600912094116
505,ระบุชื่อและวันที่การรบที่สูญเสียเรือชื่อ 'Lettice' และเรือชื่อ 'HMS Atalanta',9.13 วินาที,9.12631607055664
506,แสดงชื่อ ผลลัพธ์ และผู้บัญชาการการรบบัลแกเรียโดยไม่มีเรือสูญหายใน 'ช่องแคบอังกฤษ',7.08 วินาที,7.083378791809082
507,บันทึกเหตุการณ์การตายที่มีซับสตริง 'ตะวันออก' คืออะไร?,2.63 วินาที,2.6318931579589844
508,ที่อยู่ทั้งหมดรวมถึงบรรทัด 1 และบรรทัด 2 คืออะไร?,7.48 วินาที,7.4825170040130615
509,บรรทัดแรกและบรรทัดที่สองสำหรับที่อยู่ทั้งหมดคืออะไร,2.43 วินาที,2.4270009994506836
510,มีรายชื่อหลักสูตรทั้งหมดกี่หลักสูตร?,1.68 วินาที,1.6823270320892334
511,มีกี่หลักสูตร?,1.67 วินาที,1.667607069015503
512,วิชาคณิตศาสตร์อธิบายไว้อย่างไร?,2.91 วินาที,2.9107308387756348
513,คำอธิบายหลักสูตรคณิตศาสตร์ทั้งหมดมีอะไรบ้าง,2.94 วินาที,2.9431240558624268
514,รหัสไปรษณีย์ของที่อยู่ในเมือง Port Chelsea คืออะไร?,2.93 วินาที,2.9343388080596924
515,รหัสไปรษณีย์ของพอร์ตเชลซีคืออะไร?,4.00 วินาที,3.999234199523926
516,แผนกใดเปิดสอนหลักสูตรจำนวนมากที่สุด? รายชื่อแผนกชื่อและรหัส,9.79 วินาที,9.788547992706299
517,ชื่อและรหัสของแผนกที่มีจำนวนปริญญามากที่สุดคืออะไร?,9.49 วินาที,9.49049186706543
518,มีกี่แผนกที่เปิดสอนระดับปริญญาใด ๆ ?,2.65 วินาที,2.6547629833221436
519,มีกี่แผนกที่เปิดสอนหลักสูตรปริญญา?,2.95 วินาที,2.945505142211914
520,มีการเสนอชื่อปริญญาที่แตกต่างกันกี่ชื่อ?,3.22 วินาที,3.2175798416137695
521,มีกี่องศาที่แตกต่างกัน?,3.20 วินาที,3.1959009170532227
522,คณะวิศวกรรมศาสตร์เปิดสอนกี่ปริญญา?,5.49 วินาที,5.491846799850464
523,คณะวิศวกรรมศาสตร์มีกี่องศา?,5.44 วินาที,5.440371990203857
524,ชื่อและคำอธิบายของทุกส่วนคืออะไร?,2.50 วินาที,2.503775119781494
525,ชื่อและคำอธิบายของทุกส่วนคืออะไร?,1.77 วินาที,1.7717998027801514
526,ชื่อและรหัสของหลักสูตรที่มีไม่เกิน 2 ส่วนคืออะไร,5.73 วินาที,5.733611106872559
527,ชื่อและรหัสของทุกรายวิชาที่มีน้อยกว่า 2 ส่วนคือข้อใด,5.71 วินาที,5.707491874694824
528,แสดงรายการsection_nameตามลำดับพจนานุกรมแบบย้อนกลับ,2.68 วินาที,2.6805639266967773
529,ส่วนต่างๆ เรียงตามลำดับตัวอักษรกลับกันชื่ออะไร,2.67 วินาที,2.6718289852142334
530,นักเรียนส่วนใหญ่ลงทะเบียนเรียนในภาคการศึกษาใด? แสดงทั้งชื่อและรหัส,9.50 วินาที,9.501590967178345
531,ในแต่ละภาคการศึกษา ชื่อและรหัสของภาคการศึกษาที่มีผู้ลงทะเบียนมากที่สุดคือข้อใด,8.90 วินาที,8.900671005249023
532,คำอธิบายของแผนกที่มีชื่อย่อยอยู่ในคอมพิวเตอร์คืออะไร?,5.33 วินาที,5.327857732772827
533,แผนกที่มีชื่อเป็นคำว่าคอมพิวเตอร์มีชื่อว่าอะไร?,2.96 วินาที,2.9638261795043945
534,ใครบ้างที่ลงทะเบียนเรียนหลักสูตร 2 องศาในหนึ่งภาคการศึกษา? ระบุชื่อ ชื่อกลาง และนามสกุล และรหัสประจำตัว,13.03 วินาที,13.02531909942627
535,ชื่อ นามสกุล นามสกุล พร้อมด้วยรหัส ของนักศึกษาทุกคนที่ลงทะเบียนเรียนหลักสูตร 2 ปริญญา ในหนึ่งภาคการศึกษามีอะไรบ้าง,10.76 วินาที,10.758384943008423
536,ใครบ้างที่ลงทะเบียนเรียนหลักสูตรปริญญาตรี? ระบุชื่อ ชื่อกลาง นามสกุล.,14.28 วินาที,14.276892900466919
537,ชื่อ ชื่อกลาง และนามสกุลสำหรับทุกคนที่ลงทะเบียนในหลักสูตรปริญญาตรีคืออะไร?,13.63 วินาที,13.632416009902954
538,ค้นหาโปรแกรมประเภทใดที่มีนักเรียนลงทะเบียนเรียนมากที่สุด?,8.35 วินาที,8.350977897644043
539,สรุปปริญญาที่มีจำนวนนักศึกษาลงทะเบียนเรียนมากที่สุดชื่ออะไร?,10.36 วินาที,10.358957052230835
540,ค้นหาโปรแกรมที่มีผู้เรียนมากที่สุด โดยระบุทั้ง ID และสรุป,7.65 วินาที,7.652307033538818
541,รหัสโปรแกรมและสรุปปริญญาที่มีนักศึกษาลงทะเบียนมากที่สุดคืออะไร?,11.74 วินาที,11.73534107208252
542,นักเรียนคนไหนที่ลงทะเบียนเรียนในโปรแกรมใด ๆ มากที่สุด? ระบุรหัส ชื่อ ชื่อกลาง นามสกุล จำนวนการลงทะเบียน และรหัสนักศึกษา,13.74 วินาที,13.735283136367798
543,ชื่อ ชื่อกลาง นามสกุล พร้อมด้วยรหัสและจำนวนการลงทะเบียน สำหรับนักศึกษาที่ลงทะเบียนเรียนในหลักสูตรใดมากที่สุด?,14.07 วินาที,14.071094989776611
544,ภาคการศึกษาใดไม่มีนักศึกษาลงทะเบียนเรียน? รายชื่อภาคการศึกษา,4.51 วินาที,4.505489349365234
545,ภาคการศึกษาที่ไม่มีนักเรียนลงทะเบียนชื่ออะไร?,4.49 วินาที,4.486923933029175
546,ชื่อหลักสูตรของหลักสูตรที่นักศึกษาเคยลงทะเบียนเรียนมีชื่ออะไรบ้าง?,5.31 วินาที,5.310611963272095
547,หลักสูตรทั้งหมดที่มีนักเรียนบางคนลงทะเบียนชื่ออะไร?,8.69 วินาที,8.685148239135742
548,สาขาวิชาที่มีผู้ลงทะเบียนเรียนมากที่สุดชื่ออะไร,11.21 วินาที,11.210726261138916
549,ชื่อหลักสูตรที่มีนักเรียนลงทะเบียนมากที่สุดคืออะไร?,9.27 วินาที,9.269032955169678
550,ค้นหานามสกุลของนักศึกษาที่ปัจจุบันอาศัยอยู่ในรัฐนอร์ธแคโรไลนา แต่ไม่ได้ลงทะเบียนในหลักสูตรปริญญาใดๆ,11.61 วินาที,11.610373735427856
551,นามสกุลของนักเรียนที่อาศัยอยู่ใน North Carolina แต่ไม่ได้ลงทะเบียนในหลักสูตรปริญญาใด ๆ คืออะไร?,11.72 วินาที,11.722023963928223
552,แสดงวันที่และรหัสของใบรับรองผลการเรียนพร้อมผลการเรียนอย่างน้อย 2 รายการ,6.99 วินาที,6.986536979675293
553,วันที่และรหัสของใบรับรองผลการเรียนที่มีอย่างน้อย 2 หลักสูตรระบุไว้คือเมื่อใด,7.11 วินาที,7.112367153167725
554,หมายเลขโทรศัพท์ของชายชื่อ ทิมโมธี และนามสกุล วอร์ด คืออะไร?,4.93 วินาที,4.9306418895721436
555,หมายเลขโทรศัพท์มือถือของนักเรียนชื่อ ทิมโมธี วอร์ด คืออะไร?,4.38 วินาที,4.382394790649414
556,นักเรียนคนแรกที่ลงทะเบียนคือใคร? ระบุชื่อ ชื่อกลาง และนามสกุล.,4.48 วินาที,4.481741189956665
557,ชื่อ ชื่อกลาง และนามสกุลของนักเรียนคนแรกที่ลงทะเบียนคืออะไร?,4.48 วินาที,4.480201959609985
558,ใครคือผู้ที่สำเร็จการศึกษาเร็วที่สุดในโรงเรียน? ระบุชื่อ ชื่อกลาง และนามสกุล.,11.22 วินาที,11.217146158218384
559,ชื่อ ชื่อกลาง และนามสกุลของบัณฑิตวิทยาลัยคนแรกสุดคืออะไร?,4.23 วินาที,4.225307941436768
560,ที่อยู่ถาวรของใครแตกต่างจากที่อยู่ปัจจุบันของเขาหรือเธอ? ระบุชื่อของเขาหรือเธอ,5.90 วินาที,5.903108835220337
561,ชื่อของนักเรียนที่มีที่อยู่ถาวรแตกต่างจากที่อยู่ปัจจุบันคืออะไร?,6.16 วินาที,6.163037061691284
562,ที่อยู่ใดมีนักเรียนจำนวนมากที่สุดในปัจจุบัน ระบุรหัสที่อยู่และบรรทัดทั้งหมด,8.44 วินาที,8.43594479560852
563,รหัส บรรทัดที่ 1 และบรรทัดที่ 2 ของที่อยู่ที่มีนักเรียนมากที่สุดคืออะไร,10.19 วินาที,10.191786050796509
564,โดยเฉลี่ยแล้วใบรับรองผลการเรียนจะถูกพิมพ์เมื่อใด,2.39 วินาที,2.3874340057373047
565,วันที่ถอดเสียงโดยเฉลี่ยคือเมื่อใด,2.36 วินาที,2.359196901321411
566,Transcript ฉบับแรกจะออกเมื่อใด ระบุวันที่และรายละเอียด,4.45 วินาที,4.454143047332764
567,วันที่เผยแพร่เร็วที่สุดคือเมื่อใด และคุณสามารถบอกรายละเอียดอะไรได้บ้าง,4.47 วินาที,4.472268104553223
568,มีการออกใบรับรองผลการเรียนกี่ฉบับ?,1.82 วินาที,1.8217298984527588
569,มีหลักฐานการถอดเสียงกี่รายการ?,1.81 วินาที,1.807800054550171
570,วันที่เผยแพร่การถอดเสียงครั้งสุดท้ายคือเมื่อใด,3.21 วินาที,3.206355333328247
571,บทถอดเสียงล่าสุดถูกปล่อยออกมาเมื่อใด?,3.20 วินาที,3.20127010345459
572,ผลการลงทะเบียนหลักสูตรสามารถแสดงในใบรับรองผลการเรียนที่แตกต่างกันได้มากสุดกี่ครั้ง แสดงรหัสการลงทะเบียนหลักสูตรด้วย,5.72 วินาที,5.722676992416382
573,จำนวนครั้งสูงสุดที่หลักสูตรปรากฏในใบรับรองผลการเรียนที่แตกต่างกันคือเท่าใด และรหัสการลงทะเบียนของหลักสูตรนั้นคือเท่าใด,14.43 วินาที,14.434197902679443
574,แสดงวันที่ของทรานสคริปต์ซึ่งแสดงผลจำนวนน้อยที่สุดพร้อมระบุรหัสด้วย,3.61 วินาที,3.606415033340454
575,วันที่และรหัสของใบรับรองผลการเรียนที่มีจำนวนผลลัพธ์น้อยที่สุดคือเมื่อใด,3.64 วินาที,3.6383039951324463
576,ค้นหาภาคการศึกษาที่นักศึกษาทั้งระดับปริญญาโทและปริญญาตรีลงทะเบียนเรียน,11.98 วินาที,11.97831416130066
577,รหัสของภาคการศึกษาที่มีนักศึกษาทั้งระดับปริญญาโทและปริญญาตรีลงทะเบียนคืออะไร?,14.03 วินาที,14.029064178466797
578,ปัจจุบันมีที่อยู่ที่แตกต่างกันกี่แห่งที่นักเรียนอาศัยอยู่?,2.95 วินาที,2.9457879066467285
579,ที่อยู่ต่างๆ ที่มีนักเรียนอาศัยอยู่ที่นั่นมีอะไรบ้าง?,11.77 วินาที,11.774192810058594
580,ระบุรายละเอียดของนักเรียนทั้งหมดโดยกลับลำดับพจนานุกรม,2.39 วินาที,2.385185956954956
581,มีรายละเอียดอะไรอีกบ้างที่คุณสามารถบอกฉันเกี่ยวกับนักเรียนโดยเรียงลำดับตัวอักษรกลับกัน,4.17 วินาที,4.169187068939209
582,อธิบายส่วน ซ.,3.64 วินาที,3.6350460052490234
583,คำอธิบายสำหรับส่วนที่ชื่อ h คืออะไร?,2.94 วินาที,2.942018985748291
584,ค้นหาชื่อของนักเรียนที่อาศัยอยู่อย่างถาวรในประเทศเฮติ หรือมีหมายเลขโทรศัพท์มือถือ 09700166582 .,9.14 วินาที,9.136073112487793
585,นักเรียนที่อาศัยอยู่ในเฮติอย่างถาวรหรือมีหมายเลขโทรศัพท์มือถือ 09700166582 ชื่ออะไร,9.11 วินาที,9.105094909667969
586,ตั้งชื่อการ์ตูนทั้งหมดตามลำดับตัวอักษร,3.75 วินาที,3.7504141330718994
587,การ์ตูนชื่ออะไร เรียงตามตัวอักษร?,2.07 วินาที,2.069309949874878
588,"รายชื่อการ์ตูนทั้งหมดที่กำกับโดย ""เบน โจนส์""",3.19 วินาที,3.1932051181793213
589,การ์ตูนทั้งหมดที่กำกับโดย Ben Jones ชื่ออะไร?,2.78 วินาที,2.7795510292053223
590,"มีการ์ตูนกี่เรื่องที่เขียนโดย ""Joseph Kuhr""?",3.17 วินาที,3.1694419384002686
591,การ์ตูนที่เขียนโดย Joseph Kuhr มีกี่เรื่อง?,3.05 วินาที,3.047959089279175
592,รายชื่อการ์ตูนทั้งหมดและผู้กำกับเรียงตามวันที่ออกอากาศ,3.20 วินาที,3.202486038208008
593,การ์ตูนทั้งหมดชื่ออะไรและกำกับโดยเรียงตามวันที่ออกอากาศ?,2.70 วินาที,2.7035017013549805
594,"ระบุชื่อการ์ตูนทั้งหมดที่กำกับโดย ""Ben Jones"" หรือ ""Brandon Vietti""",3.44 วินาที,3.442203998565674
595,การ์ตูนทั้งหมดที่กำกับโดย Ben Jones หรือ Brandon Vietti ชื่ออะไร,4.14 วินาที,4.139366149902344
596,ประเทศใดมีช่องทีวีมากที่สุด? ระบุประเทศและจำนวนช่องทีวีที่มี,4.40 วินาที,4.404356241226196
597,ประเทศใดที่มีช่องทีวีมากที่สุดและมีกี่ช่อง?,4.30 วินาที,4.297350168228149
598,ระบุจำนวนชื่อซีรีส์และเนื้อหาต่างๆ ในตารางช่องทีวี,3.05 วินาที,3.046322822570801
599,ตารางช่องทีวีมีซีรีส์และเนื้อหาที่แตกต่างกันกี่รายการ?,1.94 วินาที,1.9423809051513672
600,"เนื้อหาของช่องทีวีที่มีชื่อซีเรียลว่า ""สกายเรดิโอ"" คืออะไร?",3.61 วินาที,3.6119771003723145
601,เนื้อหาของซีรีส์ Sky Radio คืออะไร?,3.15 วินาที,3.1537139415740967
602,"Package Option ของช่องทีวีที่มีชื่อซีเรียลว่า ""Sky Radio"" คืออะไร?",3.35 วินาที,3.353747844696045
603,ตัวเลือกแพ็คเกจของช่องทีวีที่มีชื่อซีรีย์เป็น Sky Radio มีอะไรบ้าง?,3.36 วินาที,3.357893943786621
604,มีทีวีกี่ช่องที่ใช้ภาษาอังกฤษ?,2.78 วินาที,2.7802951335906982
605,มีกี่ช่องทีวีที่ใช้ภาษาอังกฤษ?,2.74 วินาที,2.741886854171753
606,รายการภาษาที่ใช้จำนวนช่องทีวีน้อยที่สุด รายการภาษาและหมายเลขช่องทีวี,4.28 วินาที,4.281071901321411
607,ช่องทีวีจำนวนน้อยที่สุดใช้ภาษาอะไรและมีกี่ช่องที่ใช้?,3.64 วินาที,3.6428749561309814
608,ระบุแต่ละภาษาและจำนวนช่องทีวีที่ใช้,2.94 วินาที,2.939349889755249
609,สำหรับแต่ละภาษา ให้ระบุจำนวนช่องทีวีที่ใช้,2.62 วินาที,2.6239538192749023
610,ช่องทีวีที่แสดงการ์ตูนเรื่อง The Rise of the Blue Beetle! คือช่องอะไร? ระบุชื่อซีรีส์ของช่องทีวี,7.29 วินาที,7.289979934692383
611,ชื่อซีรีส์ของช่องทีวีที่แสดงการ์ตูนเรื่อง The Rise of the Blue Beetle คืออะไร?,7.49 วินาที,7.490929126739502
612,"รายชื่อการ์ตูนทั้งหมดที่ฉายทางช่องทีวีชื่อซีรีส์ ""สกายเรดิโอ""",7.22 วินาที,7.223588228225708
613,"รถทั้งหมดที่อยู่ในช่องทีวีชื่อซีรีย์ว่า ""Sky Radio"" ชื่ออะไร?",4.17 วินาที,4.170508146286011
614,รายชื่อตอนของซีรีย์ทีวีทั้งหมดเรียงตามเรตติ้ง,2.37 วินาที,2.370112180709839
615,ตอนทั้งหมดเรียงลำดับตามเรตติ้งเรื่องไหนคะ?,2.06 วินาที,2.064919948577881
616,รายชื่อซีรีส์ทีวีที่มีเรตติ้งสูงสุด 3 อันดับแรก แสดงรายการตอนและเรตติ้งของซีรีส์ทีวี,3.46 วินาที,3.4648211002349854
617,3 ตอนที่มีเรตติ้งสูงที่สุดในตารางซีรีย์ทีวีคืออะไร และเรตติ้งเหล่านั้นคือเท่าใด,3.46 วินาที,3.461400032043457
618,ส่วนแบ่งขั้นต่ำและสูงสุดของซีรีย์ทีวีคือเท่าใด,2.89 วินาที,2.8862931728363037
619,ส่วนแบ่งสูงสุดและต่ำสุดสำหรับละครทีวีคือเท่าไร?,3.88 วินาที,3.884582042694092
620,"ละครโทรทัศน์ที่มีตอน ""A Love of a Lifetime"" ออกอากาศวันไหน?",3.52 วินาที,3.5218141078948975
621,"ตอน ""A Love of a Lifetime"" ออกอากาศเมื่อไหร่?",3.46 วินาที,3.4562909603118896
622,"อันดับรายสัปดาห์ของซีรีส์ทีวีที่มีตอน ""A Love of a Lifetime"" คืออะไร?",3.85 วินาที,3.8535380363464355
623,"อันดับรายสัปดาห์ของตอน ""A Love of a Lifetime"" คือเท่าไร?",3.46 วินาที,3.4567201137542725
624,"ช่องทีวีของละครโทรทัศน์ที่มีตอน ""รักชั่วชีวิต"" คืออะไร? ระบุชื่อซีรีส์ของช่องทีวี",7.34 วินาที,7.341238021850586
625,"ซีรีย์ที่มีตอน ""รักชั่วชีวิต"" ชื่ออะไรคะ?",2.76 วินาที,2.756427764892578
626,"รายการตอนของละครโทรทัศน์ทั้งหมดที่ฉายทางช่องทีวีชื่อซีรีส์ ""Sky Radio""",7.05 วินาที,7.050429821014404
627,ละครโทรทัศน์เรื่อง Sky Radio มีตอนอะไรบ้าง?,4.41 วินาที,4.411745071411133
628,ค้นหาจำนวนการ์ตูนที่กำกับโดยผู้กำกับแต่ละคน,2.63 วินาที,2.6304771900177
629,ผู้กำกับแต่ละคนสร้างการ์ตูนกี่เรื่อง?,2.62 วินาที,2.6196329593658447
630,ค้นหารหัสการผลิตและช่องการ์ตูนที่ออกอากาศล่าสุด,3.60 วินาที,3.601430892944336
631,รหัสการผลิตและช่องของการ์ตูนเรื่องล่าสุดคืออะไร?,3.59 วินาที,3.5888898372650146
632,ค้นหาตัวเลือกแพ็กเกจและชื่อซีรีส์ของช่องทีวีที่มีทีวีความคมชัดสูง,4.38 วินาที,4.380693674087524
633,ตัวเลือกแพ็คเกจและชื่อของซีรีส์สำหรับช่องทีวีที่รองรับทีวีความคมชัดสูงมีอะไรบ้าง?,4.39 วินาที,4.392218112945557
634,ช่องทีวีของประเทศใดบ้างที่เปิดดูการ์ตูนที่เขียนโดย Todd Casey,6.37 วินาที,6.369908809661865
635,ประเทศใดบ้างที่มีการ์ตูนในทีวีที่เขียนโดย Todd Casey?,6.39 วินาที,6.392998933792114
636,ช่องทีวีของประเทศใดบ้างที่ไม่เปิดดูการ์ตูนที่เขียนโดย Todd Casey,6.67 วินาที,6.6671319007873535
637,ประเทศใดบ้างที่ไม่เล่นการ์ตูนที่เขียนโดย Todd Casey?,6.50 วินาที,6.496394157409668
638,ค้นหาชื่อซีรีส์และประเทศของช่องทีวีที่กำลังเล่นการ์ตูนที่กำกับโดย Ben Jones และ Michael Chang?,9.52 วินาที,9.517172813415527
639,ชื่อซีรีส์และประเทศของช่องทีวีทั้งหมดที่เล่นการ์ตูนที่กำกับโดย Ben Jones และการ์ตูนที่กำกับโดย Michael Chang คืออะไร,14.27 วินาที,14.27484917640686
640,ค้นหาอัตราส่วนพิกเซลและประเทศของช่องทีวีที่ไม่ใช้ภาษาอังกฤษ,3.73 วินาที,3.733541965484619
641,อัตราส่วนพิกเซลและประเทศต้นทางสำหรับช่องทีวีทั้งหมดที่ไม่ได้ใช้ภาษาอังกฤษเป็นเท่าใด?,4.12 วินาที,4.121145963668823
642,ค้นหารหัสช่องทีวีจากประเทศที่มีช่องทีวีมากกว่าสองช่อง,3.04 วินาที,3.04392409324646
643,รหัสของช่องทีวีทั้งหมดที่มีมากกว่า 2 ช่องทีวีคือรหัสอะไร,3.01 วินาที,3.0111207962036133
644,ค้นหารหัสช่องทีวีที่ไม่เล่นการ์ตูนที่กำกับโดย Ben Jones,5.40 วินาที,5.404376029968262
645,รหัสช่องทีวีที่ไม่มีการ์ตูนกำกับโดย Ben Jones คืออะไร?,2.79 วินาที,2.786947250366211
646,ค้นหาตัวเลือกแพ็กเกจของช่องทีวีที่ไม่มีการ์ตูนกำกับโดย Ben Jones,4.96 วินาที,4.9613940715789795
647,ตัวเลือกแพ็คเกจของช่องทีวีทั้งหมดที่ไม่เปิดดูการ์ตูนที่กำกับโดย Ben Jones มีอะไรบ้าง?,5.85 วินาที,5.851866006851196
648,มีผู้เล่นโป๊กเกอร์กี่คน?,2.94 วินาที,2.938898801803589
649,นับจำนวนผู้เล่นโป๊กเกอร์,2.05 วินาที,2.04569411277771
650,แสดงรายการรายได้ของผู้เล่นโป๊กเกอร์ตามลำดับจากมากไปน้อย,2.68 วินาที,2.6788887977600098
651,รายได้ของผู้เล่นโป๊กเกอร์ เรียงลำดับจากมากไปน้อยตามมูลค่าเป็นเท่าใด?,3.52 วินาที,3.5186350345611572
652,รายชื่อตารางสุดท้ายที่ทำขึ้นและการจบสกอร์ที่ดีที่สุดของผู้เล่นโป๊กเกอร์,3.14 วินาที,3.13689923286438
653,อะไรคือตารางสุดท้ายที่สร้างขึ้นและจบการแข่งขันได้ดีที่สุดสำหรับผู้เล่นโป๊กเกอร์ทุกคน?,4.41 วินาที,4.410099029541016
654,รายได้เฉลี่ยของผู้เล่นโป๊กเกอร์คือเท่าไร?,2.48 วินาที,2.4781439304351807
655,คืนรายได้เฉลี่ยให้กับผู้เล่นโป๊กเกอร์ทุกคน,2.49 วินาที,2.4856889247894287
656,อันดับเงินของผู้เล่นโป๊กเกอร์ที่มีรายได้สูงสุดคือเท่าไร?,2.68 วินาที,2.6796629428863525
657,คืนอันดับเงินของผู้เล่นที่มีรายได้สูงสุด,3.21 วินาที,3.2050118446350098
658,"จำนวนโต๊ะสุดท้ายสูงสุดที่เกิดขึ้นในหมู่ผู้เล่นโป๊กเกอร์ที่มีรายได้น้อยกว่า 200,000 คือเท่าไร?",4.99 วินาที,4.989007234573364
659,"คืนตารางสุดท้ายสูงสุดที่ทำขึ้นสำหรับผู้เล่นโป๊กเกอร์ทุกคนที่มีรายได้ต่ำกว่า 200,000",4.39 วินาที,4.393628835678101
660,ผู้เล่นโป๊กเกอร์ชื่ออะไร?,4.55 วินาที,4.551628112792969
661,ส่งกลับชื่อของผู้เล่นโป๊กเกอร์ทั้งหมด,5.74 วินาที,5.742833137512207
662,"ผู้เล่นโป๊กเกอร์ที่มีรายได้มากกว่า 300,000 ชื่ออะไร?",5.31 วินาที,5.3123157024383545
663,"ระบุชื่อผู้เล่นโป๊กเกอร์ที่มีรายได้มากกว่า 300,000",7.54 วินาที,7.5354931354522705
664,รายชื่อผู้เล่นโป๊กเกอร์เรียงตามโต๊ะสุดท้ายตามลำดับจากน้อยไปหามาก,3.09 วินาที,3.094999074935913
665,ผู้เล่นโป๊กเกอร์ชื่ออะไร เรียงลำดับจากน้อยไปหามากตามจำนวนโต๊ะสุดท้ายที่พวกเขาทำ?,7.65 วินาที,7.648013114929199
666,วันเกิดของผู้เล่นโป๊กเกอร์ที่มีรายได้ต่ำที่สุดคือวันที่เท่าไหร่?,5.12 วินาที,5.119720935821533
667,กลับวันเกิดของผู้เล่นโป๊กเกอร์ที่มีรายได้ต่ำที่สุด,7.49 วินาที,7.493700981140137
668,อันดับเงินของผู้เล่นโป๊กเกอร์ที่สูงที่สุดคืออะไร?,3.66 วินาที,3.6567351818084717
669,คืนอันดับเงินของผู้เล่นโป๊กเกอร์ที่มีส่วนสูงที่สุด,3.21 วินาที,3.214440107345581
670,รายได้เฉลี่ยของผู้เล่นโป๊กเกอร์ที่มีส่วนสูงมากกว่า 200 เป็นเท่าใด?,5.72 วินาที,5.716516017913818
671,ให้รายได้เฉลี่ยของผู้เล่นโป๊กเกอร์ที่สูงกว่า 200,3.52 วินาที,3.522542953491211
672,ผู้เล่นโป๊กเกอร์ชื่ออะไรโดยเรียงตามรายรับจากมากไปหาน้อย?,6.65 วินาที,6.645534038543701
673,ส่งคืนชื่อผู้เล่นโป๊กเกอร์โดยเรียงตามรายได้มากไปหาน้อย,6.64 วินาที,6.641977310180664
674,เชื้อชาติของผู้คนและจำนวนผู้คนจากแต่ละประเทศมีอะไรบ้าง?,2.62 วินาที,2.6173038482666016
675,แต่ละสัญชาติมีกี่คน?,2.77 วินาที,2.770308017730713
676,คนส่วนใหญ่มีสัญชาติอะไร?,3.19 วินาที,3.187013864517212
677,ให้สัญชาติที่แพร่หลายมากที่สุดสำหรับทุกคน,3.21 วินาที,3.2143421173095703
678,เชื้อชาติใดบ้างที่มีคนร่วมกันอย่างน้อยสองคน?,3.66 วินาที,3.657262086868286
679,ส่งกลับสัญชาติที่มีคนตั้งแต่สองคนขึ้นไป,3.50 วินาที,3.5036461353302
680,รายชื่อและวันเกิดของบุคคลตามลำดับตัวอักษรจากน้อยไปหามาก,2.78 วินาที,2.77691388130188
681,ชื่อและวันเกิดของคนคืออะไร เรียงตามชื่อตามลำดับตัวอักษร?,2.77 วินาที,2.771851062774658
682,"แสดงชื่อบุคคลซึ่งไม่ใช่สัญชาติ ""รัสเซีย""",2.62 วินาที,2.6169700622558594
683,คนที่ไม่ได้มาจากรัสเซียชื่ออะไร?,2.48 วินาที,2.4802896976470947
684,รายชื่อบุคคลที่ไม่ใช่ผู้เล่นโป๊กเกอร์,3.96 วินาที,3.958380699157715
685,คนที่ไม่เล่นโป๊กเกอร์ชื่ออะไร?,3.99 วินาที,3.9868881702423096
686,มีกี่เชื้อชาติที่แตกต่างกัน?,2.49 วินาที,2.4865951538085938
687,นับจำนวนเชื้อชาติต่างๆ,2.32 วินาที,2.320228099822998
688,มีกี่รัฐ?,3.79 วินาที,3.785952091217041
689,ระบุหมายเลขและชื่อผู้เข้าแข่งขัน เรียงตามชื่อผู้เข้าแข่งขันจากมากไปน้อย,3.80 วินาที,3.80366587638855
690,ระบุรหัสการลงคะแนน หมายเลขโทรศัพท์ และสถานะของการลงคะแนนทั้งหมด,2.95 วินาที,2.949658155441284
691,ค่าสูงสุดและต่ำสุดของรหัสพื้นที่คือเท่าใด,3.96 วินาที,3.958089828491211
692,วันสุดท้ายที่สร้างคะแนนเสียงจากรัฐ 'CA' คืออะไร?,3.67 วินาที,3.6693429946899414
693,ผู้เข้าแข่งขันที่ไม่ใช่ชื่อ 'เจสซี่ อโลเวย์' ชื่ออะไร,4.60 วินาที,4.603446960449219
694,รัฐที่แตกต่างและสร้างเวลาของการลงคะแนนเสียงทั้งหมดคืออะไร?,2.17 วินาที,2.1713058948516846
695,หมายเลขผู้เข้าแข่งขันและชื่อของผู้เข้าแข่งขันที่ได้รับการโหวตอย่างน้อยสองเสียงคือข้อใด,6.49 วินาที,6.4946019649505615
696,ในบรรดาผู้เข้าแข่งขันที่ได้รับการโหวตทั้งหมด ผู้เข้าแข่งขันที่ได้รับคะแนนโหวตน้อยที่สุดคือหมายเลขอะไรและชื่อผู้เข้าแข่งขันที่ได้คะแนนน้อยที่สุด?,10.42 วินาที,10.422194004058838
697,จำนวนคะแนนเสียงจากรัฐ 'NY' หรือ 'CA' คือเท่าไร?,3.23 วินาที,3.2279269695281982
698,มีผู้เข้าแข่งขันกี่คนที่ไม่ได้รับการโหวต?,5.00 วินาที,4.99554181098938
699,รหัสพื้นที่ที่ผู้ลงคะแนนเสียงลงคะแนนมากที่สุดคืออะไร?,3.94 วินาที,3.94490385055542
700,วันที่กำหนด รัฐ และหมายเลขโทรศัพท์ของการลงคะแนนเสียงของผู้เข้าแข่งขันชื่อ 'Tabatha Gehling' คือเมื่อใด,6.77 วินาที,6.77384614944458
701,ระบุรหัสพื้นที่ที่ผู้ลงคะแนนโหวตให้ทั้งผู้เข้าแข่งขัน 'Tabatha Gehling' และผู้แข่งขัน 'Kelly Clauss',14.92 วินาที,14.91981816291809
702,ส่งกลับชื่อของผู้เข้าแข่งขันที่มีชื่อประกอบด้วยสตริงย่อย 'Al',3.40 วินาที,3.4004628658294678
703,ประเทศทั้งหมดที่ได้รับเอกราชหลังปี 1950 ชื่ออะไร,4.84 วินาที,4.836385011672974
704,ระบุชื่อประเทศต่างๆ ที่ก่อตั้งหลังปี 1950,3.08 วินาที,3.0792388916015625
705,มีกี่ประเทศที่มีสาธารณรัฐเป็นรูปแบบการปกครองของตน,2.79 วินาที,2.791266918182373
706,มีกี่ประเทศที่มีรัฐบาลที่เป็นสาธารณรัฐ?,2.78 วินาที,2.775160074234009
707,พื้นที่ผิวทั้งหมดของประเทศในภูมิภาคแคริบเบียนเป็นเท่าใด,3.07 วินาที,3.0726029872894287
708,เคาน์ตีร์ในแคริบเบียนครอบคลุมพื้นที่รวมกันเท่าใด,3.08 วินาที,3.076833963394165
709,แองกวิลลาอยู่ในทวีปใด,2.77 วินาที,2.7738428115844727
710,ชื่อทวีปที่แองกวิลลาอยู่คืออะไร?,6.47 วินาที,6.472866058349609
711,เมืองคาบูลตั้งอยู่ในภูมิภาคใด,4.12 วินาที,4.118454933166504
712,คาบูลอยู่ในภูมิภาคใด?,2.64 วินาที,2.638498067855835
713,ภาษาใดที่ได้รับความนิยมมากที่สุดในอารูบา?,5.15 วินาที,5.1549460887908936
714,อารูบาพูดภาษาอะไรเป็นส่วนใหญ่?,5.12 วินาที,5.118850946426392
715,ประชากรและอายุขัยในบราซิลคือเท่าใด,3.08 วินาที,3.075429916381836
716,บอกอายุขัยและประชากรของบราซิลให้ฉันหน่อย,3.08 วินาที,3.0768771171569824
717,ภูมิภาคและประชากรของแองโกลาคืออะไร?,3.34 วินาที,3.3415660858154297
718,แองโกลาอยู่ในภูมิภาคใดและมีประชากรจำนวนเท่าใด,2.82 วินาที,2.815717935562134
719,อายุขัยเฉลี่ยที่คาดหวังของประเทศในภูมิภาคแอฟริกากลางคือเท่าไร?,3.66 วินาที,3.6565308570861816
720,อายุขัยเฉลี่ยของผู้คนในแอฟริกากลางคือเท่าไร?,3.99 วินาที,3.9917197227478027
721,ประเทศที่มีอายุขัยสั้นที่สุดในเอเชียชื่ออะไร,3.57 วินาที,3.572269916534424
722,ระบุชื่อประเทศในเอเชียที่มีอายุขัยต่ำที่สุด,3.58 วินาที,3.5810186862945557
723,ประชากรทั้งหมดและ GNP สูงสุดในเอเชียคือเท่าใด,3.44 วินาที,3.4413812160491943
724,มีกี่คนที่อาศัยอยู่ในเอเชีย และ GNP ที่ใหญ่ที่สุดในหมู่พวกเขาคืออะไร,3.46 วินาที,3.4586610794067383
725,อายุขัยเฉลี่ยในประเทศแอฟริกาที่เป็นสาธารณรัฐคือเท่าใด,3.99 วินาที,3.993407964706421
726,ให้อายุขัยเฉลี่ยของประเทศในแอฟริกาที่เป็นสาธารณรัฐ?,3.58 วินาที,3.5750110149383545
727,พื้นที่ผิวทั้งหมดของทวีปเอเชียและยุโรปเป็นเท่าใด,3.30 วินาที,3.3044300079345703
728,ให้พื้นที่ผิวรวมที่ครอบคลุมโดยประเทศในเอเชียหรือยุโรป,3.32 วินาที,3.3231849670410156
729,มีกี่คนที่อาศัยอยู่ในเขต Gelderland?,2.73 วินาที,2.7263269424438477
730,ประชากรทั้งหมดของเขตเกลเดอร์แลนด์คือเท่าไร?,2.87 วินาที,2.869685411453247
731,GNP เฉลี่ยและจำนวนประชากรทั้งหมดในทุกประเทศที่มีรัฐบาลอยู่ในดินแดนของสหรัฐอเมริกาคือเท่าใด,3.40 วินาที,3.404143810272217
732,ระบุ GNP เฉลี่ยและจำนวนประชากรทั้งหมดของประเทศที่ถือเป็นดินแดนของสหรัฐอเมริกา,5.70 วินาที,5.702467203140259
733,มีภาษาที่พูดกันในโลกนี้กี่ภาษา?,2.59 วินาที,2.591695785522461
734,ภาษาต่างๆ ที่ใช้กันทั่วโลกมีกี่ภาษา?,2.51 วินาที,2.506661891937256
735,รัฐบาลในแอฟริกามีกี่ประเภท?,2.60 วินาที,2.5987179279327393
736,มีรัฐบาลกี่รูปแบบในแอฟริกา?,3.29 วินาที,3.293976068496704
737,Aruba มีภาษาใดบ้างที่ใช้ใน Aruba?,3.90 วินาที,3.8977108001708984
738,อารูบาพูดได้กี่ภาษา,3.22 วินาที,3.2224128246307373
739,อัฟกานิสถานมีภาษาราชการกี่ภาษา,4.13 วินาที,4.125424861907959
740,มีการพูดภาษาราชการกี่ภาษาในอัฟกานิสถาน,5.12 วินาที,5.1234450340271
741,ประเทศที่พูดภาษาได้มากที่สุดชื่ออะไร,7.48 วินาที,7.475001811981201
742,ระบุชื่อประเทศที่ใช้ภาษามากที่สุด,7.53 วินาที,7.533545970916748
743,ทวีปใดมีภาษาที่หลากหลายที่สุด,7.35 วินาที,7.3528220653533936
744,ทวีปใดพูดภาษาได้มากที่สุด?,8.14 วินาที,8.143561363220215
745,มีกี่ประเทศที่พูดทั้งภาษาอังกฤษและภาษาดัตช์?,7.17 วินาที,7.169589042663574
746,จำนวนประเทศที่ใช้ภาษาอังกฤษและภาษาดัตช์คือเท่าไร?,5.37 วินาที,5.374462842941284
747,ชื่อประเทศใดบ้างที่พูดได้ทั้งภาษาอังกฤษและภาษาฝรั่งเศส,6.64 วินาที,6.640174150466919
748,ระบุชื่อประเทศที่พูดทั้งภาษาอังกฤษและภาษาฝรั่งเศส,10.63 วินาที,10.628316164016724
749,ชื่อของประเทศใดที่มีทั้งภาษาอังกฤษและฝรั่งเศสเป็นภาษาราชการ?,13.54 วินาที,13.543411016464233
750,ตั้งชื่อประเทศโดยใช้ภาษาอังกฤษและภาษาฝรั่งเศสเป็นภาษาราชการ,3.60 วินาที,3.6036999225616455
751,ทวีปที่พูดภาษาจีนมีกี่ทวีป?,6.94 วินาที,6.944403886795044
752,มีกี่ทวีปที่พูดภาษาจีน,3.19 วินาที,3.1863620281219482
753,ภูมิภาคใดบ้างที่ใช้ภาษาอังกฤษหรือดัตช์?,4.71 วินาที,4.714627981185913
754,ภูมิภาคใดที่พูดภาษาดัตช์หรือภาษาอังกฤษ,4.64 วินาที,4.638290166854858
755,ประเทศใดบ้างที่ภาษาอังกฤษหรือดัตช์เป็นภาษาราชการ?,9.00 วินาที,8.996372938156128
756,ประเทศใดบ้างที่มีภาษาอังกฤษหรือภาษาดัตช์เป็นภาษาราชการ?,19 นาที 2.26 วินาที (1142.26 วินาที),1142.2627849578857
757,ภาษาใดที่ได้รับความนิยมมากที่สุดในทวีปเอเชีย,16 นาที 59.23 วินาที (1019.23 วินาที),1019.2291278839111
758,ประเทศในเอเชียจำนวนมากที่สุดใช้ภาษาอะไร?,17 นาที 41.45 วินาที (1061.45 วินาที),1061.44575381279
759,ประเทศใดในรัฐบาลสาธารณรัฐเพียงประเทศเดียวที่พูดภาษาใด,6.70 วินาที,6.703568935394287
760,ประเทศใดที่มีรัฐบาลสาธารณรัฐใช้ภาษาใดบ้าง,17 นาที 32.11 วินาที (1052.11 วินาที),1052.1078979969025
761,ค้นหาเมืองที่มีประชากรใช้ภาษาอังกฤษมากที่สุด,31 นาที 30.58 วินาที (1890.58 วินาที),1890.583524942398
762,เมืองใดที่มีประชากรพูดภาษาอังกฤษมากที่สุดคือเมืองใด,15 นาที 44.58 วินาที (944.58 วินาที),944.580548286438
763,ค้นหาชื่อ ประชากร และอายุขัยที่คาดหวังของประเทศในเอเชียที่มีพื้นที่มากที่สุด?,2 นาที 22.58 วินาที (142.58 วินาที),142.5826780796051
764,ชื่อ ประชากร และอายุขัยของประเทศในเอเชียที่ใหญ่ที่สุดเมื่อจำแนกตามที่ดินคือเท่าใด,9 นาที 5.39 วินาที (545.39 วินาที),545.387776851654
765,อายุขัยเฉลี่ยในประเทศที่ภาษาอังกฤษไม่ใช่ภาษาราชการคือเท่าใด,44.45 วินาที,44.45344114303589
766,ให้อายุขัยเฉลี่ยของประเทศที่ภาษาอังกฤษไม่ใช่ภาษาราชการ,54.79 วินาที,54.79157018661499
767,จำนวนประชากรทั้งหมดที่อาศัยอยู่ในประเทศที่ไม่ใช้ภาษาอังกฤษคือเท่าไร?,46.77 วินาที,46.766566038131714
768,มีกี่คนที่อาศัยอยู่ในประเทศที่ไม่พูดภาษาอังกฤษ?,57.40 วินาที,57.399062156677246
769,ภาษาราชการที่ใช้ในประเทศที่มีประมุขแห่งรัฐคือเบียทริกซ์คือภาษาอะไร,52.01 วินาที,52.013086795806885
770,ภาษาราชการที่ใช้ในประเทศที่มีชื่อประมุขแห่งรัฐคือเบียทริกซ์คืออะไร,48.29 วินาที,48.29048991203308
771,จำนวนภาษาราชการที่ไม่ซ้ำกันทั้งหมดที่พูดในประเทศที่ก่อตั้งขึ้นก่อนปี 1930 คือเท่าใด,47.02 วินาที,47.0249240398407
772,สำหรับประเทศที่ก่อตั้งก่อนปี 1930 ภาษาราชการที่แตกต่างกันมีจำนวนทั้งหมดเท่าใด,1 นาที 0.76 วินาที (60.76 วินาที),60.7636559009552
773,ประเทศใดบ้างที่มีพื้นที่ผิวมากกว่าประเทศใดๆ ในยุโรป?,53.30 วินาที,53.30166816711426
774,ประเทศใดมีพื้นที่มากกว่าประเทศใดๆ ในยุโรป,47.22 วินาที,47.22172403335571
775,ประเทศในแอฟริกาที่มีประชากรน้อยกว่าประเทศใดในเอเชียคือประเทศใด,52.69 วินาที,52.689565896987915
776,ประเทศใดในแอฟริกาที่มีประชากรน้อยกว่าประเทศใดๆ ในเอเชีย,45.36 วินาที,45.355528116226196
777,ประเทศใดในเอเชียมีประชากรมากกว่าประเทศใดๆ ในแอฟริกา,45.21 วินาที,45.211345911026
778,ประเทศใดในเอเชียที่มีประชากรมากกว่าประเทศใดๆ ในแอฟริกา,1 นาที 33.28 วินาที (93.28 วินาที),93.28116393089294
779,รหัสประเทศสำหรับประเทศที่ไม่พูดภาษาอังกฤษคืออะไร?,2.78 วินาที,2.777076005935669
780,ส่งกลับรหัสประเทศสำหรับประเทศที่ไม่พูดภาษาอังกฤษ,58.04 วินาที,58.039382219314575
781,รหัสประเทศของประเทศใดบ้างที่ผู้คนใช้ภาษาอื่นที่ไม่ใช่ภาษาอังกฤษ,44.98 วินาที,44.97941493988037
782,ระบุรหัสประเทศสำหรับประเทศที่ผู้คนพูดภาษาที่ไม่ใช่ภาษาอังกฤษ,3.91 วินาที,3.9089300632476807
783,รหัสของประเทศที่ไม่พูดภาษาอังกฤษและรูปแบบการปกครองไม่ใช่สาธารณรัฐมีอะไรบ้าง,58.09 วินาที,58.09378385543823
784,ส่งกลับรหัสประเทศที่ไม่พูดภาษาอังกฤษและไม่มีสาธารณรัฐสำหรับรัฐบาล,17 นาที 27.67 วินาที (1047.67 วินาที),1047.6744229793549
785,เมืองใดบ้างที่อยู่ในประเทศแถบยุโรปที่ภาษาอังกฤษไม่ใช่ภาษาราชการ,19 นาที 9.84 วินาที (1149.84 วินาที),1149.8426649570465
786,ชื่อเมืองต่างๆ ในยุโรปที่ภาษาอังกฤษไม่ใช่ภาษาราชการมีชื่ออะไรบ้าง?,15 นาที 56.77 วินาที (956.77 วินาที),956.7743198871613
787,เมืองใดที่มีเอกลักษณ์เฉพาะในประเทศแถบเอเชียซึ่งมีภาษาจีนเป็นภาษาราชการ,21 นาที 44.06 วินาที (1304.06 วินาที),1304.0642321109772
788,ส่งกลับชื่อเมืองต่างๆ ในเอเชีย และภาษาจีนเป็นภาษาราชการ,17 นาที 1.59 วินาที (1021.59 วินาที),1021.5898940563202
789,ชื่ออะไร ปีเอกราช และพื้นที่ผิวของประเทศที่มีประชากรน้อยที่สุดคืออะไร,6 นาที 17.25 วินาที (377.25 วินาที),377.2519721984863
790,ระบุชื่อ ปีที่ได้รับเอกราช และพื้นที่ของประเทศที่มีประชากรน้อยที่สุด,3.40 วินาที,3.3954408168792725
791,ประชากร ชื่อ และผู้นำของประเทศที่มีพื้นที่มากที่สุดคือข้อใด,16 นาที 56.18 วินาที (1016.18 วินาที),1016.1786580085754
792,ระบุชื่อ ประชากร และประมุขของประเทศที่มีพื้นที่มากที่สุด,16 นาที 10.48 วินาที (970.48 วินาที),970.484808921814
793,ส่งกลับชื่อประเทศและจำนวนภาษาที่พูดสำหรับแต่ละประเทศที่พูดอย่างน้อย 3 ภาษา,27 นาที 48.23 วินาที (1668.23 วินาที),1668.2301077842712
794,ประเทศที่พูดมากกว่า 2 ภาษามีชื่ออะไรบ้าง และพูดได้กี่ภาษา,15 นาที 15.80 วินาที (915.80 วินาที),915.7957787513733
795,ค้นหาจำนวนเมืองในแต่ละเขตที่มีประชากรมากกว่าจำนวนประชากรเฉลี่ยของเมือง?,15 นาที 11.25 วินาที (911.25 วินาที),911.2458689212799
796,มีกี่เมืองในแต่ละเขตที่มีประชากรสูงกว่าจำนวนประชากรเฉลี่ยในทุกเมือง,15 นาที 3.33 วินาที (903.33 วินาที),903.3325769901276
797,ค้นหาชื่อแบบฟอร์มรัฐบาลและจำนวนประชากรทั้งหมดสำหรับแบบฟอร์มรัฐบาลแต่ละรูปแบบที่มีอายุขัยเฉลี่ยมากกว่า 72,3.47 วินาที,3.469586133956909
798,รูปแบบของรัฐบาลที่แตกต่างกันคืออะไร และจำนวนประชากรทั้งหมดของแต่ละรูปแบบสำหรับรูปแบบของรัฐบาลที่มีอายุขัยเฉลี่ยมากกว่า 72 เป็นเท่าใด,15 นาที 29.58 วินาที (929.58 วินาที),929.5807690620422
799,ค้นหาอายุขัยเฉลี่ยและจำนวนประชากรทั้งหมดในแต่ละทวีปที่มีอายุขัยเฉลี่ยน้อยกว่า 72?,16 นาที 35.19 วินาที (995.19 วินาที),995.1876049041748
800,ทวีปต่างๆ และจำนวนประชากรทั้งหมดและอายุขัยเฉลี่ยที่สอดคล้องกับแต่ละทวีปสำหรับทวีปที่มีอายุขัยเฉลี่ยน้อยกว่า 72 มีอะไรบ้าง,16 นาที 50.81 วินาที (1010.81 วินาที),1010.8097939491272
801,ชื่อและพื้นที่ของประเทศที่มีพื้นที่ใหญ่ที่สุด 5 อันดับแรกคืออะไร?,17 นาที 44.76 วินาที (1064.76 วินาที),1064.7643957138062
802,ส่งกลับชื่อและพื้นที่ผิวของประเทศที่ใหญ่ที่สุด 5 ประเทศ,9 นาที 44.98 วินาที (584.98 วินาที),584.9811868667603
803,ประเทศที่มีประชากรมากที่สุด 3 อันดับแรกชื่ออะไร?,2.54 วินาที,2.539541006088257
804,ส่งกลับชื่อประเทศที่มีประชากรมากที่สุด 3 ประเทศ,2.60 วินาที,2.596956968307495
805,ประเทศที่มีประชากรน้อยที่สุด 3 อันดับแรกมีชื่ออะไรบ้าง?,16 นาที 14.84 วินาที (974.84 วินาที),974.8396291732788
806,กลับรายชื่อ 3 ประเทศที่มีคนน้อยที่สุด,2.48 วินาที,2.4798598289489746
807,มีกี่ประเทศในเอเชีย?,15 นาที 51.42 วินาที (951.42 วินาที),951.4169228076935
808,นับจำนวนประเทศในเอเชีย,2.50 วินาที,2.497509241104126
809,"ประเทศที่อยู่ในทวีปยุโรปและมีประชากร 80,000 ชื่อประเทศอะไร",4.09 วินาที,4.091052055358887
810,ระบุชื่อประเทศที่อยู่ในยุโรปและมีประชากรเท่ากับ 80000,7 นาที 13.47 วินาที (433.47 วินาที),433.467267036438
811,"ประชากรทั้งหมดและพื้นที่เฉลี่ยของประเทศในทวีปอเมริกาเหนือซึ่งมีพื้นที่มากกว่า 3,000 คือเท่าใด",4 นาที 17.52 วินาที (257.52 วินาที),257.51510667800903
812,ให้จำนวนประชากรทั้งหมดและพื้นที่ผิวเฉลี่ยที่สอดคล้องกับประเทศในทวีปอเมริกาเหนือที่มีพื้นที่ผิวมากกว่า 3000,17 นาที 42.70 วินาที (1062.70 วินาที),1062.6991119384766
813,"เมืองใดบ้างที่มีประชากรระหว่าง 160,000 ถึง 900,000 คน",17 นาที 34.36 วินาที (1054.36 วินาที),1054.3647739887238
814,ส่งกลับชื่อเมืองที่มีประชากรระหว่าง 160000 ถึง 900000,17 นาที 50.35 วินาที (1070.35 วินาที),1070.3530089855194
815,ประเทศใดพูดภาษาใดมากที่สุด?,7 นาที 52.19 วินาที (472.19 วินาที),472.1902849674225
816,ให้ภาษาที่พูดกันในประเทศส่วนใหญ่,15 นาที 29.18 วินาที (929.18 วินาที),929.1763031482697
817,ผู้คนส่วนใหญ่ในแต่ละประเทศพูดภาษาอะไร,17 นาที 52.10 วินาที (1072.10 วินาที),1072.1032130718231
818,รหัสประเทศของประเทศต่างๆ คืออะไร และภาษาใดบ้างที่มีคนพูดมากที่สุดในแต่ละประเทศ,16 นาที 20.88 วินาที (980.88 วินาที),980.8798010349274
819,จำนวนประเทศที่มีผู้พูดภาษาสเปนมากที่สุดคือจำนวนเท่าใด,11 นาที 18.67 วินาที (678.67 วินาที),678.6688368320465
820,นับจำนวนประเทศที่ใช้ภาษาสเปนเป็นภาษาพูดส่วนใหญ่,4.20 วินาที,4.2041051387786865
821,รหัสของประเทศใดที่ผู้คนพูดภาษาสเปนมากที่สุดคือรหัสอะไร,15 นาที 19.15 วินาที (919.15 วินาที),919.1539330482483
822,ส่งกลับรหัสประเทศที่ใช้ภาษาสเปนเป็นภาษาพูดส่วนใหญ่,15 นาที 41.80 วินาที (941.80 วินาที),941.8011889457703
823,มีตัวนำกี่ตัว?,15 นาที 55.38 วินาที (955.38 วินาที),955.3760099411011
824,นับจำนวนตัวนำ,1.67 วินาที,1.6682369709014893
825,รายชื่อผู้ควบคุมวงเรียงตามอายุจากน้อยไปหามาก,2.09 วินาที,2.0910987854003906
826,ตัวนำชื่ออะไร เรียงตามอายุ?,13 นาที 55.79 วินาที (835.79 วินาที),835.7934827804565
827,"ชื่อของผู้ควบคุมวงที่ไม่ใช่สัญชาติ ""สหรัฐอเมริกา"" คืออะไร?",2.76 วินาที,2.7569851875305176
828,"กลับชื่อผู้ควบคุมวงที่ไม่มีสัญชาติ ""USA""",17 นาที 9.57 วินาที (1029.57 วินาที),1029.5696980953217
829,บริษัทแผ่นเสียงของวงออเคสตราโดยเรียงตามปีที่พวกเขาก่อตั้งขึ้นจากมากไปหาน้อยคืออะไร?,3.36 วินาที,3.3616719245910645
830,ส่งคืนคณะแผ่นเสียงของวงออเคสตรา เรียงตามปีที่พวกเขาก่อตั้ง,6 นาที 49.49 วินาที (409.49 วินาที),409.485319852829
831,ผู้เข้าชมการแสดงโดยเฉลี่ยคือเท่าไร?,2.08 วินาที,2.0768990516662598
832,ส่งคืนจำนวนผู้เข้าร่วมเฉลี่ยของการแสดงทั้งหมด,5 นาที 6.06 วินาที (306.06 วินาที),306.06164503097534
833,"ส่วนแบ่งสูงสุดและต่ำสุดของการแสดงที่ไม่ใช่ประเภท ""รอบชิงชนะเลิศสด"" คือเท่าใด",4.59 วินาที,4.5938239097595215
834,"คืนส่วนแบ่งสูงสุดและต่ำสุดสำหรับผลงานที่ไม่มีประเภท ""Live Final""",15 นาที 57.16 วินาที (957.16 วินาที),957.1567852497101
835,วาทยากรมีกี่สัญชาติ?,2.48 วินาที,2.4837841987609863
836,นับจำนวนผู้ควบคุมสัญชาติต่างๆ,15 นาที 44.00 วินาที (944.00 วินาที),943.9969320297241
837,รายชื่อผู้ควบคุมวงตามลำดับอายุงานจากมากไปหาน้อย,2.68 วินาที,2.6760571002960205
838,ตัวนำชื่ออะไร เรียงตามจำนวนปีที่ทำงานมากไปน้อย?,15 นาที 41.25 วินาที (941.25 วินาที),941.2480220794678
839,รายชื่อผู้ควบคุมวงที่มีผลงานมากที่สุด,17 นาที 49.88 วินาที (1069.88 วินาที),1069.8784809112549
840,วาทยากรที่ทำงานมายาวนานที่สุดชื่ออะไร?,3.04 วินาที,3.038100004196167
841,แสดงชื่อวาทยกรและวงออเคสตราที่พวกเขาแสดง,27 นาที 22.11 วินาที (1642.11 วินาที),1642.111312866211
842,วาทยกรและวงออร์เคสตราที่เกี่ยวข้องที่พวกเขาเคยแสดงชื่ออะไร,6.54 วินาที,6.542237281799316
843,แสดงชื่อวาทยากรที่เคยเล่นออเคสตรามากกว่าหนึ่งวง,16 นาที 58.00 วินาที (1018.00 วินาที),1018.0046269893646
844,วาทยากรที่เคยแสดงในวงออเคสตรามากกว่าหนึ่งวงชื่ออะไร,12 นาที 2.97 วินาที (722.97 วินาที),722.972473859787
845,แสดงชื่อวาทยากรที่เล่นออเคสตรามากที่สุด,31 นาที 54.14 วินาที (1914.14 วินาที),1914.1416101455688
846,วาทยากรที่เล่นออเคสตร้ามากที่สุดชื่ออะไร?,17 นาที 59.53 วินาที (1079.53 วินาที),1079.5258741378784
847,กรุณาแสดงชื่อวาทยากรที่เคยเล่นวงออเคสตราที่ก่อตั้งหลังปี 2551,16 นาที 53.56 วินาที (1013.56 วินาที),1013.5637359619141
848,วาทยากรที่เคยเล่นออเคสตร้าที่ก่อตั้งหลังปี 2551 ชื่ออะไร,17 นาที 15.53 วินาที (1035.53 วินาที),1035.5316610336304
849,โปรดแสดงบริษัทแผ่นเสียงต่างๆ และจำนวนออร์เคสตราที่เกี่ยวข้อง,8 นาที 51.81 วินาที (531.81 วินาที),531.8064229488373
850,บริษัทแผ่นเสียงแต่ละแห่งจัดการวงออเคสตรากี่วง?,3.98 วินาที,3.9835989475250244
851,กรุณาแสดงรูปแบบการบันทึกของวงออเคสตราโดยเรียงลำดับจากน้อยไปหามาก,35.33 วินาที,35.325891971588135
852,รูปแบบการบันทึกที่สำคัญของวงออร์เคสตรา เรียงตามความถี่มีอะไรบ้าง,4.24 วินาที,4.240815877914429
853,รายชื่อบริษัทแผ่นเสียงที่มีวงออเคสตราแบ่งปันมากที่สุด,3.07 วินาที,3.0706539154052734
854,บริษัทแผ่นเสียงใดที่ใช้โดยวงออเคสตราจำนวนมากที่สุด?,4.61 วินาที,4.614828109741211
855,รายชื่อวงออเคสตราที่ไม่มีการแสดง,3.93 วินาที,3.930910348892212
856,วงออร์เคสตราใดบ้างที่ไม่มีการแสดง?,3.92 วินาที,3.9188690185546875
857,แสดงบริษัทแผ่นเสียงที่ใช้ร่วมกันโดยวงออเคสตราที่ก่อตั้งก่อนปี 2003 และหลังปี 2003,6.34 วินาที,6.337852716445923
858,บริษัทแผ่นเสียงใดบ้างที่วงออเคสตราทั้งสองก่อตั้งก่อนปี 2003 และก่อตั้งหลังปี 2003 ใช้บริษัทแผ่นเสียงใดบ้าง,5.96 วินาที,5.962435960769653
859,"ค้นหาจำนวนออเคสตราที่มีรูปแบบบันทึกเป็น ""CD"" หรือ ""DVD""",4.45 วินาที,4.448250770568848
860,นับจำนวนออเคสตราที่มีซีดีหรือดีวีดีเป็นรูปแบบการบันทึก,3.35 วินาที,3.348052978515625
861,แสดงปีที่มีการก่อตั้งวงออร์เคสตราที่มีการแสดงมากกว่าหนึ่งรายการ,5.59 วินาที,5.592894792556763
862,วงออเคสตราที่มีการแสดงมากกว่าหนึ่งครั้งก่อตั้งมาหลายปีกี่ปี?,5.83 วินาที,5.82738995552063
863,มีนักเรียนมัธยมปลายกี่คน?,2.74 วินาที,2.736891031265259
864,นับจำนวนนักเรียนมัธยมปลาย,1.92 วินาที,1.9193341732025146
865,แสดงชื่อและเกรดของนักเรียนมัธยมปลายแต่ละคน,2.05 วินาที,2.053377628326416
866,นักเรียนมัธยมปลายแต่ละคนมีชื่อและเกรดอะไรบ้าง?,2.24 วินาที,2.2438571453094482
867,แสดงคะแนนทั้งหมดของนักเรียนมัธยมปลาย,1.99 วินาที,1.9923250675201416
868,นักเรียนมัธยมปลายแต่ละคนได้เกรดเท่าไหร่?,2.19 วินาที,2.192949056625366
869,ไคล์อยู่ชั้นไหน?,2.60 วินาที,2.5986576080322266
870,คืนเกรดให้กับนักเรียนมัธยมปลายชื่อไคล์,2.62 วินาที,2.6201488971710205
871,แสดงชื่อนักเรียนมัธยมปลายทุกคนในชั้นประถมศึกษาปีที่ 10,2.62 วินาที,2.618986129760742
872,นักเรียนมัธยมปลายทุกคนในชั้นประถมศึกษาปีที่ 10 ชื่ออะไร?,2.76 วินาที,2.7597341537475586
873,แสดงบัตรประจำตัวของนักเรียนมัธยมปลายชื่อไคล์,2.62 วินาที,2.6219332218170166
874,ID ของ Kyle คืออะไร?,2.60 วินาที,2.6032259464263916
875,มีนักเรียนมัธยมปลายกี่คนในเกรด 9 หรือ 10,3.45 วินาที,3.450578212738037
876,นับจำนวนนักเรียนมัธยมปลายในเกรด 9 หรือ 10,3.46 วินาที,3.461066961288452
877,แสดงจำนวนนักเรียนมัธยมปลายในแต่ละชั้น,2.60 วินาที,2.602871894836426
878,แต่ละชั้นมีนักเรียนมัธยมปลายกี่คน?,2.78 วินาที,2.7769651412963867
879,เกรดไหนมีนักเรียนมัธยมปลายมากที่สุด?,3.36 วินาที,3.361769914627075
880,ส่งกลับเกรดที่มีจำนวนนักเรียนมัธยมปลายมากที่สุด,9 นาที 22.46 วินาที (562.46 วินาที),562.4582090377808
881,แสดงเกรดทั้งหมดที่มีนักเรียนอย่างน้อย 4 คนให้ฉันดู,4.75 วินาที,4.7516679763793945
882,เกรดใดที่มีนักเรียนมัธยมปลาย 4 คนขึ้นไป,3.98 วินาที,3.9849019050598145
883,แสดงบัตรประจำตัวนักศึกษาและจำนวนเพื่อนที่ตรงกัน,7.82 วินาที,7.816318035125732
884,นักเรียนแต่ละคนมีเพื่อนกี่คน?,3.16 วินาที,3.16117000579834
885,แสดงชื่อนักเรียนมัธยมปลายและจำนวนเพื่อนที่ตรงกัน,6.86 วินาที,6.855311870574951
886,นักเรียนมัธยมปลายชื่ออะไร และแต่ละคนมีเพื่อนกี่คน?,5.48 วินาที,5.48317289352417
887,นักเรียนมัธยมปลายที่มีเพื่อนมากที่สุดชื่ออะไร?,7.87 วินาที,7.874041318893433
888,กลับชื่อนักเรียนมัธยมปลายที่มีเพื่อนมากที่สุด,8.32 วินาที,8.31880497932434
889,แสดงรายชื่อนักเรียนมัธยมปลายที่มีเพื่อนอย่างน้อย 3 คน,3.45 วินาที,3.4534900188446045
890,นักเรียนมัธยมปลายที่มีเพื่อนตั้งแต่ 3 คนขึ้นไปชื่ออะไร,4.91 วินาที,4.909566879272461
891,แสดงชื่อเพื่อนของ Kyle นักเรียนมัธยมปลายทุกคน,8.08 วินาที,8.078570127487183
892,คืนชื่อเพื่อนของนักเรียนมัธยมปลายไคล์,7.86 วินาที,7.859874963760376
893,ไคล์ นักเรียนมัธยมปลายมีเพื่อนกี่คน?,4.83 วินาที,4.8256800174713135
894,นับจำนวนเพื่อนที่ไคล์มี,4.71 วินาที,4.71235203742981
895,แสดงรหัสนักเรียนทุกคนที่ไม่มีเพื่อน,4.68 วินาที,4.676091194152832
896,นักเรียนมัธยมปลายที่ไม่มีเพื่อนมีรหัสอะไรบ้าง?,3.46 วินาที,3.4626340866088867
897,แสดงรายชื่อนักเรียนมัธยมปลายทุกคนที่ไม่มีเพื่อน,3.45 วินาที,3.453723192214966
898,นักเรียนที่ไม่มีเพื่อนชื่ออะไร?,4.40 วินาที,4.397362947463989
899,แสดงรหัสของนักเรียนมัธยมปลายที่มีเพื่อนและเป็นที่ชื่นชอบของคนอื่นด้วย,5.92 วินาที,5.916991949081421
900,นักศึกษาที่ทั้งมีเพื่อนและชอบมีไอดีอะไรกันบ้าง?,5.66 วินาที,5.655515909194946
901,แสดงชื่อนักเรียนทุกคนที่มีเพื่อนและมีคนอื่นชื่นชอบด้วย,8.85 วินาที,8.851938962936401
902,เด็กม.ปลายที่ทั้งมีเพื่อนและชอบชื่ออะไร?,7.62 วินาที,7.618399143218994
903,นับจำนวนไลค์สำหรับรหัสนักเรียนแต่ละคน,3.42 วินาที,3.4240710735321045
904,รหัสนักเรียนแต่ละคนมียอดไลค์กี่ไลค์?,4.16 วินาที,4.155450105667114
905,แสดงรายชื่อนักเรียนมัธยมปลายที่มียอดไลค์ และจำนวนไลค์ของแต่ละคน,7.12 วินาที,7.118427991867065
906,เด็กม.ปลายที่ชอบชื่ออะไร และแต่ละคนมีกี่ไลค์?,7.67 วินาที,7.673065185546875
907,นักเรียนมัธยมปลายที่มียอดไลค์มากที่สุดชื่ออะไร?,7.97 วินาที,7.9699790477752686
908,ระบุชื่อนักเรียนที่มีการถูกใจมากที่สุด,7.85 วินาที,7.845721006393433
909,แสดงรายชื่อนักเรียนที่มีการถูกใจอย่างน้อย 2 ครั้ง,3.31 วินาที,3.312962055206299
910,นักเรียนที่มียอดไลค์ 2 ไลค์ขึ้นไปมีชื่อว่าอะไร?,6.88 วินาที,6.880545139312744
911,แสดงรายชื่อนักเรียนที่มีเกรดมากกว่า 5 และมีเพื่อนอย่างน้อย 2 คน,5.54 วินาที,5.537859201431274
912,นักเรียนมัธยมปลายที่มีเกรดเกิน 5 และมีเพื่อนตั้งแต่ 2 คนขึ้นไปชื่ออะไร,5.90 วินาที,5.903958082199097
913,ไคล์มีคนกดไลค์กี่คน?,4.66 วินาที,4.664816856384277
914,คืนจำนวนไลค์ที่นักเรียนม.ปลายชื่อไคล์มี,5.97 วินาที,5.967977046966553
915,หาเกรดเฉลี่ยของนักเรียนทุกคนที่มีเพื่อนบ้าง,4.90 วินาที,4.8985679149627686
916,นักเรียนที่มีเพื่อนได้เกรดเฉลี่ยเท่าไหร่?,4.59 วินาที,4.593393802642822
917,ค้นหาเกรดขั้นต่ำของนักเรียนที่ไม่มีเพื่อน,3.87 วินาที,3.866938829421997
918,นักเรียนที่ไม่มีเพื่อนได้เกรดต่ำสุดคือเท่าไหร่?,6.10 วินาที,6.095469951629639
919,รัฐใดที่มีทั้งเจ้าของและผู้เชี่ยวชาญอาศัยอยู่ที่นั่น,6.19 วินาที,6.19215726852417
920,ค้นหารัฐที่ทั้งเจ้าของและผู้เชี่ยวชาญอาศัยอยู่,2.48 วินาที,2.4803218841552734
921,อายุเฉลี่ยของสุนัขที่ผ่านการรักษาใดๆ คือเท่าไร?,2.76 วินาที,2.759816884994507
922,ค้นหาอายุเฉลี่ยของสุนัขที่เข้ารับการรักษา,2.76 วินาที,2.760284185409546
923,ผู้เชี่ยวชาญคนไหนที่อาศัยอยู่ในรัฐอินเดียนาหรือเคยทำการรักษามากกว่า 2 ครั้ง? ระบุรหัส นามสกุล และโทรศัพท์มือถือของเขาหรือเธอ,7.11 วินาที,7.114800930023193
924,ค้นหารหัส นามสกุล และโทรศัพท์มือถือของผู้เชี่ยวชาญที่อาศัยอยู่ในรัฐอินเดียนา หรือเคยทำการรักษามากกว่าสองครั้ง,7.12 วินาที,7.115876913070679
925,"สุนัขตัวไหนที่เจ้าของไม่เสียค่ารักษาเกิน 1,000 ? รายชื่อสุนัข.",6.54 วินาที,6.536597013473511
926,"สุนัขที่เจ้าของใช้เงินค่ารักษาไม่เกิน 1,000 ชื่ออะไร?",7.27 วินาที,7.271991968154907
927,ชื่อใดที่ใช้สำหรับมืออาชีพหรือเจ้าของ แต่ไม่ได้ใช้เป็นชื่อสุนัข,3.92 วินาที,3.92431902885437
928,ค้นหาชื่อที่ใช้สำหรับมืออาชีพหรือเจ้าของ แต่ไม่ได้ใช้เป็นชื่อสุนัข,8.65 วินาที,8.64652419090271
929,มืออาชีพคนไหนที่ไม่ได้ทำการรักษาสุนัขเลย? ระบุ ID บทบาท และอีเมลของผู้เชี่ยวชาญ,5.29 วินาที,5.286532163619995
930,ให้รหัส บทบาท และอีเมลของผู้เชี่ยวชาญที่ไม่ได้รักษาสุนัขเลย,5.60 วินาที,5.5956878662109375
931,เจ้าของคนไหนเลี้ยงสุนัขมากที่สุด? ระบุรหัสเจ้าของ ชื่อ และนามสกุล,9.37 วินาที,9.37447190284729
932,คืนรหัสเจ้าของ ชื่อ และนามสกุลของเจ้าของที่มีสุนัขมากที่สุด,9.69 วินาที,9.687595129013062
933,ผู้เชี่ยวชาญคนไหนเคยทำการรักษามาแล้วอย่างน้อยสองครั้ง? ระบุรหัส บทบาท และชื่อของผู้เชี่ยวชาญ,9.08 วินาที,9.077600002288818
934,รหัส บทบาท และชื่อของผู้เชี่ยวชาญที่ทำการรักษาตั้งแต่สองครั้งขึ้นไปมีอะไรบ้าง?,9.03 วินาที,9.025081157684326
935,ชื่อพันธุ์อะไรมีสุนัขมากที่สุด?,8.78 วินาที,8.775015115737915
936,สุนัขพันธุ์ไหนมีมากที่สุด? แจ้งชื่อพันธุ์ครับ.,8.67 วินาที,8.672161102294922
937,เจ้าของคนไหนที่จ่ายค่ารักษาสุนัขของตนมากที่สุด? ระบุรหัสเจ้าของและนามสกุล,11.71 วินาที,11.711035251617432
938,บอกรหัสเจ้าของและนามสกุลของเจ้าของที่ใช้เงินมากที่สุดในการรักษาสุนัขของตน,11.75 วินาที,11.752880811691284
939,คำอธิบายประเภทการรักษาที่มีค่าใช้จ่ายรวมน้อยที่สุดคืออะไร?,7.60 วินาที,7.599592208862305
940,ขอคำอธิบายประเภทการรักษาที่มีต้นทุนรวมต่ำที่สุด,7.50 วินาที,7.497924089431763
941,เจ้าของคนไหนที่จ่ายเงินให้กับสุนัขของตนมากที่สุด? แสดงรหัสเจ้าของและรหัสไปรษณีย์,12.10 วินาที,12.0954749584198
942,ค้นหารหัสเจ้าของและรหัสไปรษณีย์ของเจ้าของที่ใช้เงินทั้งหมดเพื่อสุนัขของเขาหรือเธอมากที่สุด,12.89 วินาที,12.887264013290405
943,ผู้เชี่ยวชาญคนไหนเคยทำการรักษามาแล้วอย่างน้อย 2 ประเภท? ระบุ ID มืออาชีพและโทรศัพท์มือถือ,9.60 วินาที,9.599130153656006
944,ค้นหารหัสและโทรศัพท์มือถือของผู้เชี่ยวชาญที่ทำการรักษาตั้งแต่สองประเภทขึ้นไป,6.86 วินาที,6.855154275894165
945,ชื่อและนามสกุลของผู้เชี่ยวชาญที่ทำการรักษาโดยมีค่าใช้จ่ายต่ำกว่าค่าเฉลี่ยคืออะไร?,7.52 วินาที,7.517430067062378
946,ผู้เชี่ยวชาญคนไหนเคยทำการรักษาที่มีค่าใช้จ่ายน้อยกว่าค่าเฉลี่ยบ้าง? บอกชื่อและนามสกุลทางทฤษฎีให้ฉันด้วย,8.62 วินาที,8.621935844421387
947,ระบุวันที่ของการรักษาแต่ละครั้ง พร้อมด้วยชื่อของผู้เชี่ยวชาญที่ดำเนินการ,6.30 วินาที,6.30155611038208
948,วันที่เท่าไหร่และชื่อของแพทย์ผู้เชี่ยวชาญในการรักษาแต่ละครั้งคือเมื่อใด?,6.89 วินาที,6.886164903640747
949,ระบุค่าใช้จ่ายของการรักษาแต่ละครั้งและคำอธิบายประเภทการรักษาที่เกี่ยวข้อง,7.71 วินาที,7.708441257476807
950,ค่าใช้จ่ายและประเภทการรักษาของการรักษาแต่ละครั้งเป็นอย่างไรบ้าง?,7.75 วินาที,7.75429105758667
951,ระบุชื่อ นามสกุล และขนาดสุนัขของเจ้าของแต่ละคน,9.90 วินาที,9.901312112808228
952,ชื่อ นามสกุล และขนาดของสุนัขของเจ้าของแต่ละคนคืออะไร?,9.97 วินาที,9.973769187927246
953,ระบุคู่ชื่อเจ้าของและชื่อสุนัข,6.00 วินาที,5.995638132095337
954,ชื่อเจ้าของแต่ละคนและชื่อสุนัขของพวกเขาคืออะไร?,5.99 วินาที,5.99378776550293
955,ระบุชื่อสุนัขสายพันธุ์ที่หายากที่สุดและวันที่ได้รับการรักษา,9.01 วินาที,9.012348175048828
956,สุนัขตัวไหนเป็นสายพันธุ์ที่หายากที่สุด? แสดงชื่อและวันที่เข้ารับการรักษา,9.51 วินาที,9.506592035293579
957,สุนัขตัวไหนเป็นของคนที่อาศัยอยู่ในเวอร์จิเนีย? ระบุชื่อเจ้าของและชื่อสุนัข,7.28 วินาที,7.277301073074341
958,ค้นหาชื่อเจ้าของที่อาศัยอยู่ในเวอร์จิเนียและชื่อสุนัขที่พวกเขาเป็นเจ้าของ,8.36 วินาที,8.357809066772461
959,วันที่มาถึงและวันที่ออกจากสุนัขที่เข้ารับการรักษาคือเมื่อใด,6.74 วินาที,6.741314888000488
960,ค้นหาวันที่มาถึงและวันที่ออกจากสุนัขที่ได้รับการรักษา,6.73 วินาที,6.730919361114502
961,ระบุนามสกุลของเจ้าของสุนัขที่อายุน้อยที่สุด,6.77 วินาที,6.769878149032593
962,ใครเป็นเจ้าของสุนัขที่อายุน้อยที่สุด? บอกนามสกุลของเขาให้ฉันด้วย,7.89 วินาที,7.88895320892334
963,ระบุอีเมลของผู้เชี่ยวชาญที่อาศัยอยู่ในรัฐฮาวายหรือรัฐวิสคอนซิน,3.87 วินาที,3.8734562397003174
964,อีเมลของผู้เชี่ยวชาญที่อาศัยอยู่ในรัฐฮาวายหรือรัฐวิสคอนซินคืออะไร,4.18 วินาที,4.1839659214019775
965,วันที่มาถึงและวันที่จากไปของสุนัขทุกตัวคือเมื่อใด,2.79 วินาที,2.7898640632629395
966,ระบุวันที่มาถึงและวันที่ออกเดินทางของสุนัขทุกตัว,2.63 วินาที,2.6329100131988525
967,มีสุนัขกี่ตัวที่เข้ารับการรักษา?,2.26 วินาที,2.2637271881103516
968,นับจำนวนสุนัขที่เข้ารับการรักษา,1.65 วินาที,1.6530961990356445
969,มีผู้เชี่ยวชาญกี่คนที่ทำการรักษาสุนัข?,5.72 วินาที,5.719429016113281
970,ค้นหาจำนวนมืออาชีพที่เคยเลี้ยงสุนัข,2.49 วินาที,2.487773895263672
971,มืออาชีพคนไหนที่อาศัยอยู่ในเมืองที่มีอักษรย่อย 'ตะวันตก' ระบุบทบาท ถนน เมือง และรัฐของเขาหรือเธอ,6.05 วินาที,6.0534679889678955
972,ค้นหาบทบาท ถนน เมือง และสถานะของมืออาชีพที่อาศัยอยู่ในเมืองที่ประกอบด้วยสตริงย่อย 'ตะวันตก',4.17 วินาที,4.170417070388794
973,เจ้าของรายใดอาศัยอยู่ในรัฐที่ชื่อมีสตริงย่อย 'ภาคเหนือ'? ระบุชื่อ นามสกุล และอีเมลของเขา,4.21 วินาที,4.205761194229126
974,ส่งกลับชื่อ นามสกุล และอีเมลของเจ้าของที่อาศัยอยู่ในรัฐที่ชื่อมีสตริงย่อย 'ภาคเหนือ',4.36 วินาที,4.355899095535278
975,มีสุนัขกี่ตัวที่มีอายุต่ำกว่าค่าเฉลี่ย?,3.42 วินาที,3.4150469303131104
976,นับจำนวนสุนัขในช่วงอายุที่ต่ำกว่าค่าเฉลี่ย,3.36 วินาที,3.3593978881835938
977,ค่ารักษาล่าสุดเท่าไหร่?,3.60 วินาที,3.604172706604004
978,แสดงค่าใช้จ่ายของการรักษาที่ทำล่าสุดให้ฉันดู,4.88 วินาที,4.8827760219573975
979,มีสุนัขกี่ตัวที่ไม่ได้รับการรักษาเลย?,2.66 วินาที,2.6596579551696777
980,แจ้งจำนวนสุนัขที่ไม่ได้รับการรักษาใดๆ,4.17 วินาที,4.168291091918945
981,มีเจ้าของกี่คนที่ไม่มีสุนัขชั่วคราว?,4.15 วินาที,4.150558948516846
982,ค้นหาจำนวนเจ้าของที่ไม่มีสุนัขอยู่ในขณะนี้,4.19 วินาที,4.185991287231445
983,มีผู้เชี่ยวชาญกี่คนที่ไม่ได้ทำการรักษาสุนัขเลย?,3.78 วินาที,3.7820920944213867
984,ค้นหาจำนวนผู้เชี่ยวชาญที่ไม่เคยเลี้ยงสุนัขเลย,4.24 วินาที,4.243136882781982
985,ระบุชื่อสุนัข อายุ และน้ำหนักของสุนัขที่ถูกทิ้ง? 1 ย่อมาจากใช่ และ 0 ย่อมาจากไม่ใช่,3.53 วินาที,3.525689125061035
986,สุนัขที่ถูกทิ้งชื่ออะไร อายุ และน้ำหนักเท่าไหร่? โปรดทราบว่า 1 ย่อมาจากใช่ และ 0 ย่อมาจากไม่ใช่ในตาราง,3.46 วินาที,3.458784818649292
987,อายุเฉลี่ยของสุนัขทุกตัวคือเท่าไร?,2.10 วินาที,2.1030101776123047
988,คำนวณอายุเฉลี่ยของสุนัขทุกตัว,1.93 วินาที,1.9305431842803955
989,สุนัขที่เก่าแก่ที่สุดอายุเท่าไหร่?,2.09 วินาที,2.0858209133148193
990,บอกอายุของสุนัขที่เก่าแก่ที่สุด,1.96 วินาที,1.9563229084014893
991,ค่าบริการแต่ละประเภทมีค่าใช้จ่ายเท่าไร? ระบุทั้งประเภทการเรียกเก็บเงินและจำนวนเงิน,2.51 วินาที,2.5088369846343994
992,ระบุค่าธรรมเนียมแต่ละประเภทและจำนวนเงิน,2.51 วินาที,2.5101301670074463
993,ประเภทการเรียกเก็บเงินที่แพงที่สุดมีค่าใช้จ่ายเท่าไร?,2.22 วินาที,2.2214231491088867
994,จำนวนเงินค่าธรรมเนียมของประเภทค่าธรรมเนียมที่แพงที่สุดคือเท่าไร?,2.38 วินาที,2.3767030239105225
995,ระบุอีเมล โทรศัพท์มือถือ และโทรศัพท์บ้านของมืออาชีพทั้งหมด,2.93 วินาที,2.926637887954712
996,อีเมล โทรศัพท์มือถือ และโทรศัพท์บ้านของมืออาชีพแต่ละรายคืออะไร?,2.94 วินาที,2.942437171936035
997,การผสมพันธุ์ประเภทและขนาดที่เป็นไปได้ทั้งหมดคืออะไร?,6.79 วินาที,6.792201042175293
998,ค้นหาการผสมพันธุ์ประเภทและขนาดที่แตกต่างกันสำหรับสุนัข,2.58 วินาที,2.5838489532470703
999,ระบุชื่อผู้เชี่ยวชาญทั้งหมดพร้อมกับคำอธิบายการรักษาที่พวกเขาทำ,10.09 วินาที,10.092275857925415
1000,ชื่อและคำอธิบายของผู้เชี่ยวชาญแต่ละคนเกี่ยวกับการรักษาที่พวกเขาทำคืออะไร?,10.75 วินาที,10.75254487991333
1001,มีนักร้องกี่คน?,2.46 วินาที,2.4560940265655518
1002,นักร้องมีจำนวนเท่าไร?,1.65 วินาที,1.653764009475708
1003,รายชื่อนักร้องเรียงตามมูลค่าสุทธิจากน้อยไปมาก,2.77 วินาที,2.7691829204559326
1004,นักร้องชื่ออะไรเรียงลำดับตามมูลค่าสุทธิจากน้อยไปหามาก?,2.78 วินาที,2.778843879699707
1005,นักร้องเกิดปีอะไรและสัญชาติอะไร,2.27 วินาที,2.268623113632202
1006,นักร้องเกิดปีอะไรและสัญชาติอะไร,1.32 วินาที,1.3188769817352295
1007,"รายชื่อนักร้องที่ไม่มีสัญชาติ ""ฝรั่งเศส""",2.78 วินาที,2.779839038848877
1008,นักร้องที่ไม่ใช่ชาวฝรั่งเศสชื่ออะไร?,2.35 วินาที,2.352057933807373
1009,แสดงชื่อนักร้องที่มีปีเกิดคือ พ.ศ. 2491 หรือ พ.ศ. 2492?,4.70 วินาที,4.7024619579315186
1010,นักร้องที่มีปีเกิดคือ พ.ศ. 2491 หรือ พ.ศ. 2492 ชื่ออะไร,4.71 วินาที,4.710641860961914
1011,นักร้องที่มีมูลค่าสุทธิมากที่สุดชื่ออะไร?,3.02 วินาที,3.0237770080566406
1012,นักร้องคนไหนที่คุ้มค่าที่สุดชื่ออะไร?,3.15 วินาที,3.145937204360962
1013,แสดงสัญชาติของนักร้องที่แตกต่างกันและจำนวนนักร้องของแต่ละสัญชาติ,3.05 วินาที,3.051516056060791
1014,ในแต่ละสัญชาติ มีนักร้องจากประเทศนั้นกี่คน?,2.88 วินาที,2.8821067810058594
1015,กรุณาแสดงสัญชาติของนักร้องที่พบบ่อยที่สุด,3.04 วินาที,3.042206287384033
1016,สัญชาตินักร้องที่พบบ่อยที่สุดคืออะไร?,3.03 วินาที,3.0286760330200195
1017,แสดงสัญชาติที่แตกต่างกันและมูลค่าสุทธิสูงสุดของนักร้องในแต่ละสัญชาติ,3.38 วินาที,3.375537872314453
1018,สำหรับแต่ละสัญชาติ มูลค่าสุทธิสูงสุดคือเท่าใด?,3.32 วินาที,3.3211991786956787
1019,แสดงชื่อเพลงและชื่อนักร้อง,5.72 วินาที,5.721354007720947
1020,ชื่อเพลงและชื่อนักร้องคืออะไร?,4.88 วินาที,4.88361668586731
1021,"แสดงรายชื่อนักร้องที่มีเพลงที่มียอดขายมากกว่า 300,000 เพลง",5.26 วินาที,5.256073951721191
1022,"นักร้องที่มียอดขายเกิน 300,000 ชื่อแตกต่างกันอย่างไร?",3.21 วินาที,3.2069737911224365
1023,แสดงชื่อนักร้องที่มีมากกว่าหนึ่งเพลง,6.64 วินาที,6.644215822219849
1024,นักร้องที่มีมากกว่าหนึ่งเพลงชื่ออะไร?,4.81 วินาที,4.807687997817993
1025,แสดงชื่อนักร้องและยอดขายรวมของเพลง,5.93 วินาที,5.926743030548096
1026,นักร้องแต่ละคนมียอดขายรวมเพลงเท่าไหร่?,3.61 วินาที,3.607975959777832
1027,รายชื่อนักร้องที่ไม่มีเพลงใดๆ,3.44 วินาที,3.4398839473724365
1028,ทุกเพลงที่ไม่มีเพลงชื่ออะไรคะ?,3.43 วินาที,3.4330098628997803
1029,แสดงสัญชาติของนักร้องที่เกิดก่อนปี พ.ศ. 2488 และหลังปี พ.ศ. 2498,4.65 วินาที,4.652318954467773
1030,นักร้องที่เกิดก่อนปี 1945 และหลังปี 1955 ถือสัญชาติอะไรบ้าง,4.83 วินาที,4.829024076461792
1031,มีทั้งหมดกี่คุณสมบัติที่มีอยู่?,6.16 วินาที,6.157226800918579
1032,ชื่อฟีเจอร์ของฟีเจอร์ AirCon คืออะไร?,6.90 วินาที,6.895097017288208
1033,แสดงคำอธิบายประเภทคุณสมบัติของคุณสมบัติที่เป็นของรหัสนั้น,5.44 วินาที,5.442357063293457
1034,คุณสมบัติที่เป็นบ้านหรืออพาร์ตเมนต์ที่มีมากกว่า 1 ห้องชื่ออะไร,4.86 วินาที,4.861562967300415
